/*
 * gfx_font_faces.h -- embedded outline faces. GENERATED FILE, DO NOT EDIT.
 *
 * Regenerate with tools/gen_font_header.py; see that script for the exact
 * upstream URLs, the variable-font instancing step, and the subsetting flags.
 *
 * Both faces are SIL Open Font License 1.1 and are redistributable in binary
 * form as part of this program. See lib/fonts/LICENSE.txt for the full licence
 * text and THIRD_PARTY.md for attribution. These bytes are our own shipped
 * asset -- nothing here is derived from any game ROM.
 *
 *   MDKR_FONT_FACE_SMALL    Roboto SemiBold  (instanced wght=600, wdth=100)
 *   MDKR_FONT_FACE_SUBTITLE Concert One Regular
 *
 * Both are subsetted to printable ASCII (U+0020..U+007E), which is exactly the
 * range ASSET_FONTS addresses.
 */
#ifndef MDKR_GFX_FONT_FACES_H
#define MDKR_GFX_FONT_FACES_H

#include <stddef.h>
#include <stdint.h>


/* sub_roboto600.ttf: 9868 bytes */
static const uint8_t MDKR_FONT_FACE_SMALL_ttf[9868] = {
    0x00, 0x01, 0x00, 0x00, 0x00, 0x0c, 0x00, 0x80, 0x00, 0x03, 0x00, 0x40, 0x4f, 0x53, 0x2f, 0x32,
    0x73, 0x52, 0x62, 0x1a, 0x00, 0x00, 0x24, 0xd4, 0x00, 0x00, 0x00, 0x60, 0x53, 0x54, 0x41, 0x54,
    0x5f, 0x9b, 0x41, 0x3d, 0x00, 0x00, 0x26, 0x30, 0x00, 0x00, 0x00, 0x5a, 0x63, 0x6d, 0x61, 0x70,
    0x00, 0x0c, 0x00, 0xd1, 0x00, 0x00, 0x25, 0x34, 0x00, 0x00, 0x00, 0x34, 0x67, 0x61, 0x73, 0x70,
    0x00, 0x08, 0x00, 0x19, 0x00, 0x00, 0x26, 0x24, 0x00, 0x00, 0x00, 0x0c, 0x67, 0x6c, 0x79, 0x66,
    0xfe, 0x31, 0x8f, 0xa1, 0x00, 0x00, 0x00, 0xcc, 0x00, 0x00, 0x21, 0x46, 0x68, 0x65, 0x61, 0x64,
    0x0e, 0x5f, 0x13, 0x08, 0x00, 0x00, 0x22, 0xf8, 0x00, 0x00, 0x00, 0x36, 0x68, 0x68, 0x65, 0x61,
    0x0b, 0x10, 0x0e, 0x21, 0x00, 0x00, 0x24, 0xb0, 0x00, 0x00, 0x00, 0x24, 0x68, 0x6d, 0x74, 0x78,
    0x8d, 0x96, 0x1e, 0xa6, 0x00, 0x00, 0x23, 0x30, 0x00, 0x00, 0x01, 0x80, 0x6c, 0x6f, 0x63, 0x61,
    0x8f, 0x8c, 0x87, 0x9e, 0x00, 0x00, 0x22, 0x34, 0x00, 0x00, 0x00, 0xc2, 0x6d, 0x61, 0x78, 0x70,
    0x00, 0x80, 0x01, 0x21, 0x00, 0x00, 0x22, 0x14, 0x00, 0x00, 0x00, 0x20, 0x6e, 0x61, 0x6d, 0x65,
    0x0e, 0xae, 0x1f, 0xd8, 0x00, 0x00, 0x25, 0x68, 0x00, 0x00, 0x00, 0x9a, 0x70, 0x6f, 0x73, 0x74,
    0xff, 0x6d, 0x00, 0x64, 0x00, 0x00, 0x26, 0x04, 0x00, 0x00, 0x00, 0x20, 0x00, 0x02, 0x00, 0x83,
    0xff, 0xf1, 0x01, 0xaf, 0x05, 0xb0, 0x00, 0x03, 0x00, 0x0f, 0x00, 0x00, 0x41, 0x03, 0x23, 0x03,
    0x03, 0x34, 0x36, 0x33, 0x32, 0x16, 0x15, 0x14, 0x06, 0x23, 0x22, 0x26, 0x01, 0xa4, 0x1d, 0xdf,
    0x1d, 0x08, 0x51, 0x45, 0x45, 0x51, 0x51, 0x45, 0x45, 0x51, 0x05, 0xb0, 0xfc, 0x05, 0x03, 0xfb,
    0xfa, 0xcb, 0x3b, 0x51, 0x51, 0x3b, 0x3a, 0x50, 0x50, 0x00, 0x00, 0x02, 0x00, 0x4f, 0x03, 0xec,
    0x02, 0x43, 0x06, 0x01, 0x00, 0x05, 0x00, 0x0b, 0x00, 0x00, 0x41, 0x15, 0x03, 0x23, 0x11, 0x35,
    0x21, 0x15, 0x03, 0x23, 0x11, 0x35, 0x01, 0x0b, 0x25, 0x97, 0x01, 0xf4, 0x25, 0x96, 0x06, 0x01,
    0x8a, 0xfe, 0x75, 0x01, 0x7f, 0x96, 0x8a, 0xfe, 0x75, 0x01, 0x87, 0x8e, 0x00, 0x04, 0x00, 0x49,
    0x00, 0x00, 0x04, 0xa5, 0x05, 0xb0, 0x00, 0x03, 0x00, 0x07, 0x00, 0x0b, 0x00, 0x0f, 0x00, 0x00,
    0x73, 0x01, 0x33, 0x01, 0x33, 0x01, 0x33, 0x01, 0x01, 0x21, 0x35, 0x21, 0x03, 0x21, 0x35, 0x21,
    0xe6, 0x01, 0x04, 0xad, 0xfe, 0xfb, 0xd2, 0x01, 0x05, 0xad, 0xfe, 0xfb, 0x01, 0x94, 0xfb, 0xef,
    0x04, 0x11, 0x4c, 0xfb, 0xf0, 0x04, 0x10, 0x05, 0xb0, 0xfa, 0x50, 0x05, 0xb0, 0xfa, 0x50, 0x03,
    0x6e, 0xa2, 0xfd, 0x8a, 0xa2, 0x00, 0x00, 0x03, 0x00, 0x60, 0xff, 0x2b, 0x04, 0x2f, 0x06, 0x98,
    0x00, 0x03, 0x00, 0x07, 0x00, 0x3d, 0x00, 0x00, 0x41, 0x11, 0x23, 0x11, 0x13, 0x11, 0x23, 0x11,
    0x01, 0x34, 0x26, 0x26, 0x27, 0x2e, 0x02, 0x35, 0x34, 0x36, 0x36, 0x33, 0x32, 0x1e, 0x02, 0x15,
    0x21, 0x34, 0x2e, 0x02, 0x23, 0x22, 0x06, 0x06, 0x15, 0x14, 0x16, 0x16, 0x17, 0x1e, 0x02, 0x15,
    0x14, 0x06, 0x06, 0x23, 0x22, 0x2e, 0x02, 0x35, 0x21, 0x14, 0x1e, 0x02, 0x33, 0x32, 0x36, 0x36,
    0x02, 0xb7, 0x9b, 0x88, 0x9a, 0x01, 0x1c, 0x2b, 0x63, 0x53, 0x81, 0xc2, 0x6b, 0x73, 0xce, 0x88,
    0x6a, 0xa9, 0x79, 0x41, 0xfe, 0xf8, 0x1c, 0x34, 0x49, 0x2e, 0x42, 0x55, 0x27, 0x29, 0x63, 0x57,
    0x82, 0xc0, 0x6a, 0x77, 0xd6, 0x8e, 0x5b, 0xb2, 0x91, 0x56, 0x01, 0x09, 0x28, 0x44, 0x54, 0x2b,
    0x46, 0x5d, 0x2f, 0x06, 0x98, 0xfe, 0xd7, 0x01, 0x29, 0xf9, 0x9f, 0xfe, 0xf4, 0x01, 0x0c, 0x01,
    0x46, 0x39, 0x54, 0x42, 0x1e, 0x2f, 0x71, 0xa8, 0x80, 0x7b, 0xb5, 0x63, 0x3f, 0x78, 0xaf, 0x70,
    0x3e, 0x60, 0x43, 0x22, 0x32, 0x56, 0x38, 0x36, 0x51, 0x42, 0x22, 0x30, 0x73, 0xa6, 0x7f, 0x82,
    0xb4, 0x5e, 0x30, 0x6d, 0xb5, 0x84, 0x4c, 0x64, 0x3b, 0x18, 0x30, 0x57, 0x00, 0x05, 0x00, 0x62,
    0xff, 0xec, 0x05, 0x8d, 0x05, 0xc5, 0x00, 0x11, 0x00, 0x23, 0x00, 0x35, 0x00, 0x47, 0x00, 0x4b,
    0x00, 0x00, 0x53, 0x35, 0x34, 0x36, 0x36, 0x33, 0x32, 0x16, 0x16, 0x15, 0x15, 0x14, 0x06, 0x06,
    0x23, 0x22, 0x26, 0x26, 0x37, 0x15, 0x14, 0x16, 0x16, 0x33, 0x32, 0x36, 0x36, 0x35, 0x35, 0x34,
    0x26, 0x26, 0x23, 0x22, 0x06, 0x06, 0x01, 0x35, 0x34, 0x36, 0x36, 0x33, 0x32, 0x16, 0x16, 0x15,
    0x15, 0x14, 0x06, 0x06, 0x23, 0x22, 0x26, 0x26, 0x37, 0x15, 0x14, 0x16, 0x16, 0x33, 0x32, 0x36,
    0x36, 0x35, 0x35, 0x34, 0x26, 0x26, 0x23, 0x22, 0x06, 0x06, 0x13, 0x01, 0x27, 0x01, 0x62, 0x48,
    0x8b, 0x64, 0x66, 0x8b, 0x47, 0x47, 0x8a, 0x65, 0x65, 0x8c, 0x48, 0xb3, 0x1d, 0x3c, 0x2d, 0x2d,
    0x39, 0x1d, 0x1d, 0x3b, 0x2d, 0x2c, 0x3b, 0x1d, 0x02, 0x08, 0x49, 0x8c, 0x64, 0x66, 0x8a, 0x47,
    0x47, 0x89, 0x65, 0x65, 0x8d, 0x49, 0xb4, 0x20, 0x3d, 0x29, 0x32, 0x3a, 0x18, 0x1e, 0x3a, 0x2e,
    0x2c, 0x3b, 0x1d, 0xc6, 0xfd, 0x39, 0x83, 0x02, 0xc7, 0x04, 0x4b, 0x4d, 0x53, 0x88, 0x52, 0x52,
    0x88, 0x53, 0x4d, 0x51, 0x88, 0x52, 0x52, 0x88, 0x9e, 0x4d, 0x26, 0x43, 0x2a, 0x2a, 0x43, 0x26,
    0x4d, 0x27, 0x44, 0x2a, 0x2a, 0x44, 0xfc, 0x58, 0x4e, 0x52, 0x88, 0x52, 0x52, 0x88, 0x52, 0x4e,
    0x52, 0x87, 0x52, 0x52, 0x88, 0x9f, 0x4d, 0x27, 0x43, 0x2a, 0x2a, 0x43, 0x27, 0x4d, 0x27, 0x43,
    0x2a, 0x2a, 0x43, 0x03, 0x54, 0xfb, 0x8e, 0x49, 0x04, 0x72, 0x00, 0x01, 0x00, 0x4e, 0xff, 0xeb,
    0x05, 0x1c, 0x05, 0xc5, 0x00, 0x42, 0x00, 0x00, 0x41, 0x25, 0x36, 0x36, 0x35, 0x34, 0x26, 0x23,
    0x22, 0x06, 0x06, 0x15, 0x14, 0x16, 0x16, 0x17, 0x01, 0x21, 0x01, 0x2e, 0x02, 0x35, 0x34, 0x36,
    0x36, 0x33, 0x32, 0x16, 0x16, 0x15, 0x14, 0x06, 0x06, 0x07, 0x05, 0x0e, 0x02, 0x15, 0x14, 0x16,
    0x16, 0x33, 0x32, 0x3e, 0x02, 0x35, 0x33, 0x14, 0x06, 0x06, 0x07, 0x06, 0x06, 0x07, 0x06, 0x06,
    0x23, 0x22, 0x26, 0x26, 0x35, 0x34, 0x36, 0x36, 0x01, 0x65, 0x01, 0x09, 0x3f, 0x30, 0x4b, 0x44,
    0x30, 0x42, 0x21, 0x2f, 0x51, 0x32, 0x02, 0xaf, 0xfe, 0xd2, 0xfd, 0xce, 0x47, 0x6e, 0x3d, 0x60,
    0xaf, 0x76, 0x70, 0xa3, 0x5a, 0x32, 0x58, 0x3a, 0xfe, 0xc8, 0x2d, 0x2d, 0x0f, 0x35, 0x63, 0x44,
    0x53, 0x9a, 0x7b, 0x49, 0xe2, 0x2a, 0x5e, 0x4c, 0x07, 0x13, 0x07, 0x5b, 0xd3, 0x7c, 0x92, 0xd4,
    0x73, 0x47, 0x7e, 0x03, 0x12, 0xae, 0x2a, 0x4e, 0x37, 0x31, 0x55, 0x2c, 0x49, 0x2c, 0x2d, 0x5e,
    0x67, 0x3c, 0xfc, 0xda, 0x02, 0x8e, 0x58, 0x94, 0x8b, 0x4a, 0x72, 0xa8, 0x5c, 0x5b, 0x96, 0x59,
    0x44, 0x73, 0x5f, 0x2a, 0xe0, 0x26, 0x49, 0x3e, 0x1b, 0x3d, 0x61, 0x39, 0x4a, 0x88, 0xbd, 0x72,
    0x6d, 0xc3, 0xa6, 0x41, 0x06, 0x14, 0x06, 0x4e, 0x4d, 0x6a, 0xba, 0x78, 0x59, 0x85, 0x73, 0x00,
    0x00, 0x01, 0x00, 0x49, 0x03, 0xef, 0x01, 0x0e, 0x06, 0x00, 0x00, 0x05, 0x00, 0x00, 0x41, 0x15,
    0x03, 0x23, 0x11, 0x35, 0x01, 0x0e, 0x1c, 0xa9, 0x06, 0x00, 0x89, 0xfe, 0x78, 0x01, 0x79, 0x98,
    0x00, 0x01, 0x00, 0x7f, 0xfe, 0x34, 0x02, 0xa1, 0x06, 0x58, 0x00, 0x17, 0x00, 0x00, 0x53, 0x35,
    0x34, 0x12, 0x12, 0x36, 0x37, 0x17, 0x0e, 0x02, 0x02, 0x15, 0x15, 0x14, 0x12, 0x16, 0x16, 0x17,
    0x07, 0x26, 0x26, 0x02, 0x02, 0x7f, 0x5b, 0x94, 0xad, 0x52, 0x34, 0x39, 0x71, 0x5c, 0x37, 0x37,
    0x5c, 0x71, 0x39, 0x34, 0x52, 0xad, 0x94, 0x5b, 0x02, 0x3d, 0x13, 0xd4, 0x01, 0x5b, 0x01, 0x06,
    0xad, 0x26, 0x91, 0x2b, 0x95, 0xda, 0xfe, 0xde, 0xb9, 0x17, 0xb9, 0xfe, 0xdd, 0xda, 0x98, 0x2c,
    0x8d, 0x27, 0xac, 0x01, 0x06, 0x01, 0x5b, 0x00, 0x00, 0x01, 0x00, 0x28, 0xfe, 0x34, 0x02, 0x56,
    0x06, 0x58, 0x00, 0x17, 0x00, 0x00, 0x41, 0x15, 0x14, 0x02, 0x02, 0x06, 0x07, 0x27, 0x3e, 0x02,
    0x12, 0x35, 0x35, 0x34, 0x02, 0x26, 0x26, 0x27, 0x37, 0x16, 0x16, 0x12, 0x12, 0x02, 0x56, 0x5d,
    0x97, 0xb1, 0x55, 0x34, 0x39, 0x70, 0x5d, 0x37, 0x39, 0x5e, 0x70, 0x36, 0x34, 0x55, 0xb1, 0x97,
    0x5d, 0x02, 0x50, 0x13, 0xd0, 0xfe, 0xa6, 0xfe, 0xf8, 0xb0, 0x27, 0x8d, 0x2b, 0x96, 0xdc, 0x01,
    0x24, 0xb9, 0x17, 0xb9, 0x01, 0x24, 0xdb, 0x97, 0x2a, 0x8d, 0x26, 0xb1, 0xfe, 0xf7, 0xfe, 0xa7,
    0x00, 0x01, 0x00, 0x1b, 0x02, 0x48, 0x03, 0x87, 0x05, 0xb0, 0x00, 0x0e, 0x00, 0x00, 0x53, 0x13,
    0x25, 0x37, 0x05, 0x03, 0x33, 0x03, 0x25, 0x17, 0x05, 0x13, 0x07, 0x03, 0x03, 0x7f, 0xd6, 0xfe,
    0xc6, 0x39, 0x01, 0x36, 0x11, 0xb8, 0x12, 0x01, 0x31, 0x37, 0xfe, 0xc1, 0xd1, 0x95, 0xb9, 0xb7,
    0x02, 0xb7, 0x01, 0x12, 0x5a, 0xab, 0x7a, 0x01, 0x5c, 0xfe, 0x9e, 0x78, 0xad, 0x5b, 0xfe, 0xf4,
    0x6a, 0x01, 0x24, 0xfe, 0xe5, 0x00, 0x00, 0x02, 0x00, 0x3d, 0x00, 0x92, 0x04, 0x23, 0x04, 0xb6,
    0x00, 0x03, 0x00, 0x07, 0x00, 0x00, 0x41, 0x15, 0x21, 0x35, 0x01, 0x11, 0x23, 0x11, 0x04, 0x23,
    0xfc, 0x1a, 0x02, 0x72, 0xfd, 0x03, 0x25, 0xeb, 0xeb, 0x01, 0x91, 0xfb, 0xdc, 0x04, 0x24, 0x00,
    0x00, 0x01, 0x00, 0x24, 0xfe, 0xa8, 0x01, 0x70, 0x00, 0xee, 0x00, 0x0a, 0x00, 0x00, 0x65, 0x07,
    0x14, 0x06, 0x07, 0x27, 0x3e, 0x02, 0x35, 0x35, 0x01, 0x70, 0x02, 0x6a, 0x54, 0x8c, 0x1b, 0x2f,
    0x1d, 0xee, 0xb7, 0x6b, 0xdc, 0x48, 0x4d, 0x2d, 0x5c, 0x6b, 0x42, 0xc3, 0x00, 0x01, 0x00, 0x62,
    0x02, 0x07, 0x02, 0x85, 0x02, 0xd8, 0x00, 0x03, 0x00, 0x00, 0x41, 0x15, 0x21, 0x35, 0x02, 0x85,
    0xfd, 0xdd, 0x02, 0xd8, 0xd1, 0xd1, 0x00, 0x01, 0x00, 0x82, 0xff, 0xf5, 0x01, 0xb2, 0x01, 0x0f,
    0x00, 0x0b, 0x00, 0x00, 0x77, 0x34, 0x36, 0x33, 0x32, 0x16, 0x15, 0x14, 0x06, 0x23, 0x22, 0x26,
    0x82, 0x52, 0x46, 0x46, 0x52, 0x52, 0x46, 0x46, 0x52, 0x81, 0x3c, 0x52, 0x52, 0x3c, 0x3b, 0x51,
    0x51, 0x00, 0x00, 0x01, 0xff, 0xfa, 0xff, 0x83, 0x02, 0xe9, 0x05, 0xb0, 0x00, 0x03, 0x00, 0x00,
    0x41, 0x01, 0x23, 0x01, 0x02, 0xe9, 0xfd, 0xda, 0xc9, 0x02, 0x26, 0x05, 0xb0, 0xf9, 0xd3, 0x06,
    0x2d, 0x00, 0x00, 0x02, 0x00, 0x64, 0xff, 0xec, 0x04, 0x2d, 0x05, 0xc4, 0x00, 0x17, 0x00, 0x2f,
    0x00, 0x00, 0x41, 0x15, 0x14, 0x0e, 0x02, 0x23, 0x22, 0x2e, 0x03, 0x35, 0x35, 0x34, 0x3e, 0x02,
    0x33, 0x32, 0x1e, 0x03, 0x01, 0x11, 0x34, 0x2e, 0x03, 0x23, 0x22, 0x0e, 0x02, 0x15, 0x11, 0x14,
    0x1e, 0x03, 0x33, 0x32, 0x3e, 0x02, 0x04, 0x2d, 0x44, 0x80, 0xb2, 0x6d, 0x57, 0x96, 0x77, 0x55,
    0x2d, 0x45, 0x80, 0xb2, 0x6d, 0x58, 0x95, 0x77, 0x54, 0x2d, 0xfe, 0xf8, 0x13, 0x24, 0x36, 0x46,
    0x2a, 0x34, 0x52, 0x38, 0x1d, 0x13, 0x25, 0x35, 0x46, 0x2a, 0x35, 0x51, 0x38, 0x1d, 0x03, 0x55,
    0xf5, 0xa8, 0xee, 0x97, 0x47, 0x2d, 0x5f, 0x94, 0xce, 0x86, 0xf5, 0xa8, 0xec, 0x96, 0x45, 0x2c,
    0x5d, 0x93, 0xcd, 0xfe, 0x61, 0x01, 0x3e, 0x54, 0x7d, 0x58, 0x37, 0x1a, 0x29, 0x58, 0x91, 0x68,
    0xfe, 0xc2, 0x54, 0x7e, 0x5a, 0x39, 0x1b, 0x2a, 0x5b, 0x93, 0x00, 0x01, 0x00, 0xa9, 0x00, 0x00,
    0x03, 0x11, 0x05, 0xb4, 0x00, 0x06, 0x00, 0x00, 0x41, 0x11, 0x21, 0x11, 0x05, 0x35, 0x25, 0x03,
    0x11, 0xfe, 0xf7, 0xfe, 0xa1, 0x02, 0x4a, 0x05, 0xb4, 0xfa, 0x4c, 0x04, 0x7f, 0x74, 0xd6, 0xd3,
    0x00, 0x01, 0x00, 0x4c, 0x00, 0x00, 0x04, 0x43, 0x05, 0xc5, 0x00, 0x1f, 0x00, 0x00, 0x65, 0x15,
    0x21, 0x35, 0x01, 0x3e, 0x02, 0x35, 0x34, 0x26, 0x26, 0x23, 0x22, 0x06, 0x06, 0x15, 0x21, 0x34,
    0x36, 0x36, 0x33, 0x32, 0x16, 0x16, 0x15, 0x14, 0x0e, 0x02, 0x07, 0x01, 0x04, 0x43, 0xfc, 0x26,
    0x01, 0xd9, 0x4a, 0x56, 0x25, 0x30, 0x5b, 0x42, 0x49, 0x67, 0x35, 0xfe, 0xf7, 0x78, 0xe0, 0x9a,
    0x96, 0xd0, 0x6c, 0x2e, 0x53, 0x72, 0x46, 0xfe, 0xe4, 0xd0, 0xd0, 0xb2, 0x01, 0xff, 0x54, 0x7c,
    0x65, 0x2e, 0x43, 0x65, 0x38, 0x43, 0x76, 0x4c, 0x81, 0xd5, 0x80, 0x63, 0xb6, 0x7e, 0x46, 0x88,
    0x85, 0x88, 0x47, 0xfe, 0xc4, 0x00, 0x00, 0x02, 0x00, 0x46, 0xff, 0xec, 0x04, 0x28, 0x05, 0xc5,
    0x00, 0x1c, 0x00, 0x3b, 0x00, 0x00, 0x41, 0x33, 0x32, 0x36, 0x36, 0x35, 0x34, 0x26, 0x26, 0x23,
    0x22, 0x06, 0x06, 0x15, 0x21, 0x34, 0x36, 0x36, 0x33, 0x32, 0x16, 0x16, 0x15, 0x14, 0x0e, 0x02,
    0x23, 0x23, 0x15, 0x35, 0x33, 0x32, 0x1e, 0x02, 0x15, 0x14, 0x0e, 0x02, 0x23, 0x22, 0x2e, 0x02,
    0x35, 0x21, 0x14, 0x16, 0x16, 0x33, 0x32, 0x36, 0x36, 0x35, 0x34, 0x26, 0x26, 0x23, 0x01, 0x8a,
    0x95, 0x4f, 0x67, 0x33, 0x2e, 0x5d, 0x48, 0x3a, 0x61, 0x39, 0xfe, 0xf7, 0x7d, 0xd6, 0x84, 0x90,
    0xd9, 0x79, 0x3d, 0x75, 0xa9, 0x6d, 0xbf, 0xbf, 0x7b, 0xb5, 0x76, 0x39, 0x4c, 0x89, 0xb8, 0x6b,
    0x5d, 0xaf, 0x8c, 0x52, 0x01, 0x09, 0x3b, 0x69, 0x42, 0x49, 0x69, 0x38, 0x3e, 0x73, 0x4f, 0x03,
    0x4d, 0x37, 0x61, 0x40, 0x3f, 0x5d, 0x33, 0x2e, 0x55, 0x3b, 0x76, 0xb3, 0x66, 0x5f, 0xb8, 0x88,
    0x41, 0x81, 0x67, 0x3f, 0x3d, 0x8d, 0x39, 0x67, 0x88, 0x4e, 0x66, 0x9f, 0x6e, 0x39, 0x33, 0x67,
    0x9d, 0x68, 0x3c, 0x5e, 0x35, 0x35, 0x63, 0x45, 0x52, 0x66, 0x30, 0x00, 0x00, 0x02, 0x00, 0x38,
    0x00, 0x00, 0x04, 0x5c, 0x05, 0xb0, 0x00, 0x07, 0x00, 0x0b, 0x00, 0x00, 0x41, 0x15, 0x21, 0x27,
    0x01, 0x33, 0x03, 0x01, 0x01, 0x11, 0x21, 0x11, 0x04, 0x5c, 0xfb, 0xe7, 0x0b, 0x02, 0x69, 0xd3,
    0xe4, 0xfe, 0xb5, 0x02, 0x6a, 0xfe, 0xf7, 0x02, 0x13, 0xd0, 0xa0, 0x03, 0xcd, 0xfe, 0x7d, 0xfd,
    0xe6, 0x03, 0x9d, 0xfa, 0x50, 0x05, 0xb0, 0x00, 0x00, 0x01, 0x00, 0x74, 0xff, 0xec, 0x04, 0x3d,
    0x05, 0xb0, 0x00, 0x29, 0x00, 0x00, 0x41, 0x27, 0x13, 0x21, 0x15, 0x21, 0x03, 0x36, 0x36, 0x33,
    0x32, 0x1e, 0x02, 0x15, 0x14, 0x0e, 0x02, 0x23, 0x22, 0x2e, 0x02, 0x27, 0x21, 0x1e, 0x02, 0x33,
    0x32, 0x3e, 0x02, 0x35, 0x34, 0x2e, 0x02, 0x23, 0x22, 0x06, 0x01, 0x6f, 0xd3, 0x51, 0x03, 0x21,
    0xfd, 0xba, 0x26, 0x1f, 0x77, 0x4b, 0x68, 0xa4, 0x73, 0x3b, 0x3b, 0x78, 0xb6, 0x7b, 0x5d, 0xab,
    0x88, 0x51, 0x04, 0x01, 0x05, 0x07, 0x3a, 0x5f, 0x3f, 0x39, 0x53, 0x36, 0x1a, 0x1e, 0x3e, 0x5d,
    0x3e, 0x53, 0x59, 0x02, 0x9e, 0x33, 0x02, 0xdf, 0xdb, 0xfe, 0xac, 0x13, 0x27, 0x43, 0x7e, 0xb5,
    0x72, 0x64, 0xaf, 0x87, 0x4d, 0x37, 0x6b, 0x9c, 0x65, 0x43, 0x5e, 0x32, 0x2b, 0x4e, 0x6a, 0x3f,
    0x3d, 0x65, 0x4a, 0x28, 0x32, 0x00, 0x00, 0x01, 0x00, 0x6b, 0xff, 0xec, 0x04, 0x45, 0x05, 0xbc,
    0x00, 0x36, 0x00, 0x00, 0x41, 0x33, 0x15, 0x23, 0x22, 0x0e, 0x02, 0x15, 0x15, 0x14, 0x1e, 0x02,
    0x33, 0x32, 0x3e, 0x02, 0x35, 0x34, 0x2e, 0x02, 0x23, 0x22, 0x06, 0x06, 0x07, 0x27, 0x3e, 0x03,
    0x33, 0x32, 0x1e, 0x02, 0x15, 0x14, 0x0e, 0x02, 0x23, 0x22, 0x2e, 0x02, 0x35, 0x35, 0x34, 0x12,
    0x36, 0x24, 0x03, 0x48, 0x24, 0x11, 0x79, 0xb7, 0x79, 0x3e, 0x23, 0x3f, 0x55, 0x33, 0x33, 0x52,
    0x3b, 0x1f, 0x1e, 0x3a, 0x55, 0x36, 0x46, 0x6e, 0x40, 0x03, 0x59, 0x05, 0x3f, 0x6b, 0x93, 0x5a,
    0x68, 0x9c, 0x67, 0x34, 0x43, 0x7e, 0xb2, 0x6f, 0x75, 0xb9, 0x84, 0x46, 0x5e, 0xb9, 0x01, 0x12,
    0x05, 0xbc, 0xd5, 0x4a, 0x85, 0xb5, 0x6b, 0xec, 0x53, 0x7d, 0x55, 0x2a, 0x2a, 0x4d, 0x68, 0x3e,
    0x3d, 0x68, 0x4f, 0x2b, 0x41, 0x68, 0x3a, 0x2c, 0x55, 0x8e, 0x6a, 0x3a, 0x4f, 0x88, 0xb1, 0x62,
    0x69, 0xb6, 0x88, 0x4c, 0x58, 0x9c, 0xd0, 0x79, 0x6a, 0xab, 0x01, 0x26, 0xdd, 0x7b, 0x00, 0x01,
    0x00, 0x40, 0x00, 0x00, 0x04, 0x3b, 0x05, 0xb0, 0x00, 0x06, 0x00, 0x00, 0x41, 0x15, 0x01, 0x21,
    0x01, 0x21, 0x35, 0x04, 0x3b, 0xfd, 0xc4, 0xfe, 0xe9, 0x02, 0x3c, 0xfd, 0x1c, 0x05, 0xb0, 0x90,
    0xfa, 0xe0, 0x04, 0xe0, 0xd0, 0x00, 0x00, 0x04, 0x00, 0x62, 0xff, 0xec, 0x04, 0x2f, 0x05, 0xc5,
    0x00, 0x10, 0x00, 0x20, 0x00, 0x30, 0x00, 0x40, 0x00, 0x00, 0x41, 0x14, 0x06, 0x06, 0x23, 0x22,
    0x26, 0x26, 0x35, 0x34, 0x3e, 0x02, 0x33, 0x32, 0x16, 0x16, 0x05, 0x34, 0x26, 0x26, 0x23, 0x22,
    0x06, 0x06, 0x15, 0x14, 0x16, 0x16, 0x33, 0x32, 0x36, 0x36, 0x13, 0x14, 0x06, 0x06, 0x23, 0x22,
    0x26, 0x26, 0x35, 0x34, 0x36, 0x36, 0x33, 0x32, 0x16, 0x16, 0x05, 0x34, 0x26, 0x26, 0x23, 0x22,
    0x06, 0x06, 0x15, 0x14, 0x16, 0x16, 0x33, 0x32, 0x36, 0x36, 0x04, 0x2f, 0x7f, 0xdb, 0x8b, 0x8a,
    0xdd, 0x81, 0x49, 0x82, 0xb2, 0x69, 0x8c, 0xdd, 0x7e, 0xfe, 0xf6, 0x37, 0x64, 0x42, 0x43, 0x63,
    0x37, 0x37, 0x64, 0x44, 0x44, 0x62, 0x35, 0xea, 0x74, 0xcd, 0x84, 0x84, 0xcf, 0x75, 0x76, 0xcd,
    0x83, 0x85, 0xce, 0x74, 0xfe, 0xf8, 0x2e, 0x55, 0x3c, 0x3a, 0x54, 0x2e, 0x2e, 0x55, 0x3b, 0x3b,
    0x54, 0x2e, 0x01, 0x8e, 0x88, 0xbb, 0x5f, 0x5f, 0xbb, 0x88, 0x5b, 0x94, 0x6b, 0x39, 0x65, 0xb5,
    0x69, 0x46, 0x67, 0x38, 0x38, 0x67, 0x46, 0x47, 0x65, 0x36, 0x36, 0x65, 0x02, 0xd9, 0x6e, 0xab,
    0x60, 0x60, 0xab, 0x6e, 0x82, 0xb5, 0x5e, 0x5e, 0xb5, 0x8d, 0x3e, 0x5d, 0x34, 0x32, 0x5d, 0x40,
    0x3f, 0x5e, 0x35, 0x35, 0x5e, 0x00, 0x00, 0x01, 0x00, 0x5a, 0xff, 0xf5, 0x04, 0x22, 0x05, 0xc5,
    0x00, 0x38, 0x00, 0x00, 0x65, 0x33, 0x32, 0x3e, 0x02, 0x35, 0x11, 0x34, 0x2e, 0x02, 0x23, 0x22,
    0x0e, 0x02, 0x15, 0x14, 0x1e, 0x02, 0x33, 0x32, 0x3e, 0x02, 0x37, 0x17, 0x14, 0x0e, 0x02, 0x23,
    0x22, 0x2e, 0x02, 0x35, 0x34, 0x3e, 0x02, 0x33, 0x32, 0x1e, 0x02, 0x15, 0x15, 0x14, 0x0e, 0x03,
    0x23, 0x23, 0x01, 0x30, 0x13, 0x81, 0xb3, 0x6f, 0x33, 0x22, 0x3d, 0x52, 0x2f, 0x34, 0x50, 0x37,
    0x1d, 0x1b, 0x37, 0x54, 0x38, 0x35, 0x57, 0x40, 0x23, 0x02, 0x5d, 0x3d, 0x6d, 0x90, 0x53, 0x67,
    0x9e, 0x6b, 0x36, 0x42, 0x7d, 0xb2, 0x6f, 0x73, 0xb4, 0x7e, 0x43, 0x36, 0x70, 0xad, 0xef, 0x99,
    0x17, 0xcd, 0x42, 0x79, 0xa9, 0x67, 0x01, 0x08, 0x54, 0x7f, 0x56, 0x2b, 0x30, 0x53, 0x6c, 0x3c,
    0x3a, 0x6a, 0x52, 0x2f, 0x29, 0x45, 0x55, 0x2c, 0x28, 0x49, 0x8e, 0x73, 0x45, 0x4c, 0x87, 0xb1,
    0x65, 0x69, 0xb9, 0x8d, 0x51, 0x5a, 0x9f, 0xd8, 0x80, 0x5d, 0x87, 0xf2, 0xc8, 0x92, 0x4f, 0x00,
    0xff, 0xff, 0x00, 0x7d, 0xff, 0xf5, 0x01, 0xae, 0x04, 0x56, 0x04, 0x26, 0x00, 0x0f, 0xfb, 0x00,
    0x00, 0x07, 0x00, 0x0f, 0xff, 0xfc, 0x03, 0x47, 0xff, 0xff, 0x00, 0x37, 0xfe, 0xa8, 0x01, 0x9d,
    0x04, 0x56, 0x04, 0x27, 0x00, 0x0f, 0xff, 0xeb, 0x03, 0x47, 0x00, 0x06, 0x00, 0x0d, 0x13, 0x00,
    0x00, 0x02, 0x00, 0x3a, 0x00, 0x9b, 0x03, 0x8f, 0x04, 0x4d, 0x00, 0x04, 0x00, 0x09, 0x00, 0x00,
    0x41, 0x05, 0x15, 0x01, 0x35, 0x25, 0x05, 0x07, 0x35, 0x01, 0x01, 0x07, 0x02, 0x88, 0xfc, 0xab,
    0x03, 0x55, 0xfd, 0x78, 0xcd, 0x03, 0x55, 0x02, 0x8b, 0xf2, 0xfe, 0x01, 0x71, 0xae, 0x96, 0xf6,
    0x2c, 0xaf, 0x01, 0x70, 0x00, 0x02, 0x00, 0x8b, 0x01, 0x52, 0x03, 0xfe, 0x03, 0xd3, 0x00, 0x03,
    0x00, 0x07, 0x00, 0x00, 0x41, 0x15, 0x21, 0x35, 0x01, 0x15, 0x21, 0x35, 0x03, 0xfe, 0xfc, 0x8d,
    0x03, 0x73, 0xfc, 0x8d, 0x03, 0xd3, 0xd5, 0xd5, 0xfe, 0x54, 0xd5, 0xd5, 0x00, 0x02, 0x00, 0x7a,
    0x00, 0x9b, 0x03, 0xde, 0x04, 0x4e, 0x00, 0x04, 0x00, 0x09, 0x00, 0x00, 0x41, 0x25, 0x35, 0x01,
    0x15, 0x05, 0x25, 0x37, 0x15, 0x01, 0x03, 0x0c, 0xfd, 0x6e, 0x03, 0x64, 0xfc, 0x9c, 0x02, 0x93,
    0xd1, 0xfc, 0x9c, 0x02, 0x63, 0xef, 0xfc, 0xfe, 0x8f, 0xb0, 0x97, 0xf6, 0x2f, 0xaf, 0xfe, 0x8f,
    0x00, 0x02, 0x00, 0x34, 0xff, 0xf4, 0x03, 0xa4, 0x05, 0xc4, 0x00, 0x20, 0x00, 0x2c, 0x00, 0x00,
    0x41, 0x23, 0x3e, 0x02, 0x37, 0x3e, 0x02, 0x35, 0x34, 0x26, 0x26, 0x23, 0x22, 0x06, 0x06, 0x07,
    0x21, 0x3e, 0x02, 0x33, 0x32, 0x16, 0x16, 0x15, 0x14, 0x06, 0x06, 0x07, 0x06, 0x06, 0x01, 0x34,
    0x36, 0x33, 0x32, 0x16, 0x15, 0x14, 0x06, 0x23, 0x22, 0x26, 0x02, 0x4d, 0xef, 0x01, 0x1d, 0x44,
    0x3a, 0x2e, 0x49, 0x2a, 0x27, 0x4b, 0x38, 0x2e, 0x52, 0x32, 0x02, 0xfe, 0xf7, 0x03, 0x76, 0xc8,
    0x7c, 0x89, 0xc3, 0x67, 0x44, 0x70, 0x41, 0x39, 0x28, 0xfe, 0xf7, 0x51, 0x45, 0x45, 0x51, 0x51,
    0x45, 0x45, 0x51, 0x01, 0xb5, 0x5b, 0x82, 0x69, 0x37, 0x2b, 0x4d, 0x55, 0x36, 0x3d, 0x52, 0x2b,
    0x26, 0x4f, 0x3f, 0x83, 0xaf, 0x57, 0x5b, 0xae, 0x7b, 0x58, 0x8b, 0x78, 0x3d, 0x33, 0x74, 0xfe,
    0x7d, 0x3c, 0x50, 0x50, 0x3c, 0x3a, 0x50, 0x50, 0x00, 0x02, 0x00, 0x54, 0xfe, 0x3b, 0x06, 0xd8,
    0x05, 0x8c, 0x00, 0x41, 0x00, 0x68, 0x00, 0x00, 0x41, 0x0e, 0x03, 0x23, 0x22, 0x2e, 0x02, 0x37,
    0x13, 0x33, 0x03, 0x06, 0x1e, 0x02, 0x33, 0x32, 0x3e, 0x02, 0x37, 0x36, 0x2e, 0x03, 0x23, 0x22,
    0x0e, 0x03, 0x07, 0x06, 0x1e, 0x03, 0x33, 0x32, 0x36, 0x37, 0x17, 0x06, 0x06, 0x23, 0x22, 0x24,
    0x26, 0x26, 0x02, 0x37, 0x36, 0x12, 0x36, 0x36, 0x24, 0x33, 0x32, 0x1e, 0x02, 0x12, 0x01, 0x06,
    0x1e, 0x02, 0x33, 0x32, 0x3e, 0x02, 0x37, 0x17, 0x0e, 0x03, 0x23, 0x22, 0x2e, 0x02, 0x37, 0x3e,
    0x04, 0x33, 0x32, 0x16, 0x17, 0x07, 0x26, 0x26, 0x23, 0x22, 0x0e, 0x02, 0x06, 0xd2, 0x04, 0x33,
    0x67, 0xa0, 0x71, 0x42, 0x68, 0x46, 0x20, 0x05, 0x33, 0xbc, 0x32, 0x06, 0x10, 0x22, 0x2d, 0x16,
    0x33, 0x53, 0x3c, 0x22, 0x03, 0x06, 0x27, 0x5e, 0x96, 0xce, 0x86, 0x7b, 0xd0, 0xa5, 0x76, 0x43,
    0x06, 0x07, 0x2d, 0x65, 0x9a, 0xcc, 0x7c, 0x57, 0xb5, 0x3e, 0x26, 0x46, 0xd1, 0x5d, 0x9d, 0xfe,
    0xfd, 0xc6, 0x84, 0x3e, 0x07, 0x07, 0x56, 0x98, 0xd3, 0x01, 0x08, 0x9b, 0x9c, 0xfe, 0xc0, 0x7e,
    0x3a, 0xfc, 0x05, 0x06, 0x0c, 0x23, 0x3a, 0x27, 0x17, 0x36, 0x35, 0x31, 0x11, 0x50, 0x17, 0x45,
    0x58, 0x66, 0x38, 0x49, 0x72, 0x4a, 0x20, 0x0a, 0x0b, 0x39, 0x56, 0x6d, 0x7f, 0x45, 0x72, 0x82,
    0x3a, 0x62, 0x1d, 0x5d, 0x40, 0x3a, 0x5b, 0x44, 0x2c, 0x02, 0x10, 0x64, 0xc3, 0x9f, 0x5f, 0x2e,
    0x57, 0x7b, 0x4c, 0x02, 0x3b, 0xfd, 0xc5, 0x39, 0x48, 0x27, 0x10, 0x3d, 0x6c, 0x8f, 0x53, 0x89,
    0xe8, 0xb6, 0x7f, 0x44, 0x4d, 0x8e, 0xc6, 0xf4, 0x8b, 0x93, 0xf1, 0xb8, 0x7e, 0x40, 0x28, 0x1f,
    0x8d, 0x2d, 0x2c, 0x4e, 0x9a, 0xde, 0x01, 0x22, 0xb1, 0xa4, 0x01, 0x21, 0xec, 0xab, 0x5c, 0x52,
    0x9a, 0xdc, 0xfe, 0xed, 0xfe, 0xfa, 0x42, 0x69, 0x46, 0x25, 0x17, 0x35, 0x5b, 0x45, 0x5e, 0x4d,
    0x74, 0x4e, 0x27, 0x40, 0x75, 0xa4, 0x65, 0x67, 0xaf, 0x8a, 0x61, 0x32, 0x41, 0x2b, 0x81, 0x1b,
    0x31, 0x34, 0x66, 0x95, 0x00, 0x03, 0x00, 0x0c, 0x00, 0x00, 0x05, 0x4d, 0x05, 0xb0, 0x00, 0x04,
    0x00, 0x09, 0x00, 0x0d, 0x00, 0x00, 0x41, 0x01, 0x21, 0x01, 0x33, 0x01, 0x01, 0x27, 0x33, 0x01,
    0x01, 0x15, 0x21, 0x35, 0x02, 0xce, 0xfe, 0x61, 0xfe, 0xdd, 0x02, 0x20, 0xba, 0x01, 0x43, 0xfe,
    0x5f, 0x19, 0xbb, 0x02, 0x23, 0xfe, 0xc9, 0xfc, 0xf3, 0x04, 0xd3, 0xfb, 0x2d, 0x05, 0xb0, 0xfa,
    0x50, 0x04, 0xd3, 0xdd, 0xfa, 0x50, 0x02, 0x1d, 0xd9, 0xd9, 0x00, 0x02, 0x00, 0x8b, 0x00, 0x00,
    0x04, 0xb1, 0x05, 0xb0, 0x00, 0x19, 0x00, 0x30, 0x00, 0x00, 0x41, 0x21, 0x27, 0x21, 0x32, 0x36,
    0x36, 0x35, 0x34, 0x26, 0x26, 0x23, 0x23, 0x11, 0x21, 0x11, 0x21, 0x32, 0x1e, 0x02, 0x15, 0x14,
    0x06, 0x06, 0x07, 0x03, 0x21, 0x37, 0x21, 0x32, 0x36, 0x36, 0x35, 0x34, 0x26, 0x26, 0x23, 0x21,
    0x37, 0x21, 0x17, 0x1e, 0x02, 0x15, 0x14, 0x06, 0x06, 0x02, 0xb9, 0xfe, 0x8c, 0x02, 0x01, 0x3f,
    0x52, 0x6e, 0x39, 0x35, 0x70, 0x56, 0xe2, 0xfe, 0xed, 0x01, 0xf5, 0x7c, 0xc3, 0x88, 0x47, 0x53,
    0xab, 0x83, 0x60, 0xfe, 0x47, 0x73, 0x01, 0x46, 0x52, 0x6b, 0x35, 0x2f, 0x65, 0x52, 0xfe, 0xe2,
    0x02, 0x01, 0x6c, 0x3f, 0x7e, 0x9f, 0x4c, 0x79, 0xe7, 0x02, 0x89, 0xc2, 0x2e, 0x58, 0x3f, 0x46,
    0x58, 0x29, 0xfb, 0x29, 0x05, 0xb0, 0x2f, 0x62, 0x94, 0x66, 0x5a, 0x97, 0x5e, 0x07, 0xfd, 0x31,
    0xd8, 0x36, 0x5f, 0x3e, 0x44, 0x64, 0x36, 0xc2, 0x4b, 0x01, 0x62, 0x9a, 0x59, 0x8c, 0xbe, 0x60,
    0x00, 0x01, 0x00, 0x5e, 0xff, 0xec, 0x04, 0xf3, 0x05, 0xc5, 0x00, 0x27, 0x00, 0x00, 0x41, 0x21,
    0x0e, 0x02, 0x23, 0x22, 0x2e, 0x02, 0x35, 0x35, 0x34, 0x12, 0x36, 0x36, 0x33, 0x32, 0x16, 0x16,
    0x17, 0x21, 0x2e, 0x02, 0x23, 0x22, 0x0e, 0x02, 0x15, 0x15, 0x14, 0x1e, 0x02, 0x33, 0x32, 0x36,
    0x36, 0x03, 0xdf, 0x01, 0x13, 0x0b, 0x8c, 0xfa, 0xb2, 0x89, 0xdb, 0x9b, 0x52, 0x54, 0x9d, 0xdd,
    0x89, 0xb2, 0xf6, 0x88, 0x0e, 0xfe, 0xed, 0x08, 0x3f, 0x7d, 0x67, 0x50, 0x79, 0x50, 0x28, 0x24,
    0x4c, 0x78, 0x53, 0x65, 0x7f, 0x43, 0x01, 0xdf, 0x92, 0xe1, 0x80, 0x61, 0xb5, 0xff, 0x9f, 0x6f,
    0x9f, 0x01, 0x00, 0xb5, 0x62, 0x83, 0xe4, 0x94, 0x5c, 0x80, 0x43, 0x3c, 0x77, 0xb1, 0x74, 0x71,
    0x6f, 0xb0, 0x7a, 0x40, 0x40, 0x7c, 0x00, 0x02, 0x00, 0x8b, 0x00, 0x00, 0x04, 0xd7, 0x05, 0xb0,
    0x00, 0x1a, 0x00, 0x1e, 0x00, 0x00, 0x61, 0x21, 0x37, 0x21, 0x32, 0x36, 0x36, 0x35, 0x35, 0x34,
    0x2e, 0x02, 0x23, 0x21, 0x35, 0x21, 0x32, 0x1e, 0x02, 0x15, 0x15, 0x14, 0x0e, 0x02, 0x01, 0x11,
    0x21, 0x11, 0x02, 0x3e, 0xfe, 0xc6, 0x02, 0x01, 0x38, 0x7f, 0xac, 0x58, 0x32, 0x61, 0x8e, 0x5c,
    0xfe, 0xba, 0x01, 0x46, 0x92, 0xf1, 0xb1, 0x5f, 0x5f, 0xb1, 0xf4, 0xfe, 0xcb, 0xfe, 0xed, 0xd8,
    0x71, 0xd5, 0x95, 0x4b, 0x73, 0xb0, 0x78, 0x3e, 0xd9, 0x62, 0xb7, 0xfe, 0x9d, 0x49, 0x9c, 0xff,
    0xb6, 0x62, 0x05, 0xb0, 0xfa, 0x50, 0x05, 0xb0, 0x00, 0x04, 0x00, 0x8b, 0x00, 0x00, 0x04, 0x50,
    0x05, 0xb0, 0x00, 0x03, 0x00, 0x07, 0x00, 0x0b, 0x00, 0x0f, 0x00, 0x00, 0x65, 0x15, 0x21, 0x35,
    0x13, 0x11, 0x21, 0x11, 0x01, 0x15, 0x21, 0x35, 0x01, 0x15, 0x21, 0x35, 0x04, 0x50, 0xfc, 0xfa,
    0x54, 0xfe, 0xed, 0x03, 0x60, 0xfd, 0x5f, 0x03, 0x03, 0xfc, 0xfd, 0xd8, 0xd8, 0xd8, 0x04, 0xd8,
    0xfa, 0x50, 0x05, 0xb0, 0xfd, 0xa7, 0xd3, 0xd3, 0x02, 0x59, 0xd9, 0xd9, 0x00, 0x03, 0x00, 0x8b,
    0x00, 0x00, 0x04, 0x36, 0x05, 0xb0, 0x00, 0x03, 0x00, 0x07, 0x00, 0x0b, 0x00, 0x00, 0x41, 0x11,
    0x21, 0x11, 0x01, 0x15, 0x21, 0x35, 0x01, 0x15, 0x21, 0x35, 0x01, 0x9e, 0xfe, 0xed, 0x03, 0x5e,
    0xfd, 0x6d, 0x02, 0xe0, 0xfd, 0x20, 0x05, 0xb0, 0xfa, 0x50, 0x05, 0xb0, 0xfd, 0x8b, 0xd9, 0xd9,
    0x02, 0x75, 0xd9, 0xd9, 0x00, 0x01, 0x00, 0x65, 0xff, 0xec, 0x04, 0xfb, 0x05, 0xc5, 0x00, 0x2b,
    0x00, 0x00, 0x41, 0x11, 0x0e, 0x02, 0x23, 0x22, 0x26, 0x26, 0x02, 0x35, 0x35, 0x34, 0x12, 0x36,
    0x36, 0x33, 0x32, 0x16, 0x16, 0x17, 0x21, 0x2e, 0x02, 0x23, 0x22, 0x0e, 0x02, 0x15, 0x15, 0x14,
    0x1e, 0x02, 0x33, 0x32, 0x36, 0x36, 0x37, 0x11, 0x21, 0x35, 0x04, 0xfb, 0x20, 0x89, 0xdc, 0xa0,
    0x8b, 0xe6, 0xa6, 0x5a, 0x55, 0x9f, 0xdf, 0x8a, 0xb9, 0xef, 0x80, 0x10, 0xfe, 0xf4, 0x0b, 0x42,
    0x79, 0x60, 0x51, 0x7c, 0x54, 0x2b, 0x30, 0x5b, 0x87, 0x56, 0x4e, 0x67, 0x3e, 0x11, 0xfe, 0xdf,
    0x02, 0xf1, 0xfd, 0xc9, 0x29, 0x60, 0x45, 0x5d, 0xb4, 0x01, 0x04, 0xa7, 0x60, 0xa7, 0x01, 0x04,
    0xb4, 0x5e, 0x7a, 0xd5, 0x8a, 0x4c, 0x73, 0x41, 0x40, 0x7a, 0xb4, 0x74, 0x62, 0x75, 0xb5, 0x7b,
    0x3f, 0x1b, 0x26, 0x12, 0x01, 0x11, 0xc9, 0x00, 0x00, 0x03, 0x00, 0x8b, 0x00, 0x00, 0x05, 0x1d,
    0x05, 0xb0, 0x00, 0x03, 0x00, 0x07, 0x00, 0x0b, 0x00, 0x00, 0x41, 0x15, 0x21, 0x35, 0x13, 0x11,
    0x21, 0x11, 0x21, 0x11, 0x21, 0x11, 0x04, 0x51, 0xfd, 0x02, 0x4b, 0xfe, 0xed, 0x04, 0x92, 0xfe,
    0xed, 0x03, 0x57, 0xd8, 0xd8, 0x02, 0x59, 0xfa, 0x50, 0x05, 0xb0, 0xfa, 0x50, 0x05, 0xb0, 0x00,
    0x00, 0x01, 0x00, 0x9d, 0x00, 0x00, 0x01, 0xb0, 0x05, 0xb0, 0x00, 0x03, 0x00, 0x00, 0x41, 0x11,
    0x21, 0x11, 0x01, 0xb0, 0xfe, 0xed, 0x05, 0xb0, 0xfa, 0x50, 0x05, 0xb0, 0x00, 0x01, 0x00, 0x2d,
    0xff, 0xec, 0x03, 0xf0, 0x05, 0xb0, 0x00, 0x13, 0x00, 0x00, 0x41, 0x11, 0x21, 0x11, 0x14, 0x06,
    0x06, 0x23, 0x22, 0x26, 0x26, 0x35, 0x21, 0x14, 0x16, 0x16, 0x33, 0x32, 0x36, 0x36, 0x02, 0xdd,
    0x01, 0x13, 0x7e, 0xda, 0x89, 0x8d, 0xda, 0x7b, 0x01, 0x14, 0x32, 0x5d, 0x3f, 0x3d, 0x5d, 0x34,
    0x01, 0xba, 0x03, 0xf6, 0xfc, 0x0a, 0x91, 0xcf, 0x6e, 0x5f, 0xc4, 0x97, 0x52, 0x64, 0x2c, 0x39,
    0x6e, 0x00, 0x00, 0x03, 0x00, 0x8b, 0x00, 0x00, 0x05, 0x1d, 0x05, 0xb0, 0x00, 0x03, 0x00, 0x09,
    0x00, 0x0d, 0x00, 0x00, 0x41, 0x11, 0x21, 0x11, 0x21, 0x01, 0x01, 0x03, 0x13, 0x01, 0x13, 0x01,
    0x37, 0x01, 0x01, 0x9e, 0xfe, 0xed, 0x04, 0x7d, 0xfd, 0xb8, 0xfe, 0xb2, 0x31, 0xe8, 0x01, 0x8e,
    0x1f, 0xfe, 0x3b, 0xc5, 0x02, 0x47, 0x05, 0xb0, 0xfa, 0x50, 0x05, 0xb0, 0xfd, 0x3a, 0xfe, 0x9b,
    0x01, 0x0b, 0x01, 0x2d, 0x01, 0xf3, 0xfa, 0x50, 0x02, 0xaa, 0xb2, 0xfc, 0xa4, 0x00, 0x00, 0x02,
    0x00, 0x8b, 0x00, 0x00, 0x04, 0x27, 0x05, 0xb0, 0x00, 0x03, 0x00, 0x07, 0x00, 0x00, 0x65, 0x15,
    0x21, 0x35, 0x13, 0x11, 0x21, 0x11, 0x04, 0x27, 0xfd, 0x24, 0x53, 0xfe, 0xed, 0xd8, 0xd8, 0xd8,
    0x04, 0xd8, 0xfa, 0x50, 0x05, 0xb0, 0x00, 0x03, 0x00, 0x8b, 0x00, 0x00, 0x06, 0x73, 0x05, 0xb0,
    0x00, 0x06, 0x00, 0x0b, 0x00, 0x10, 0x00, 0x00, 0x41, 0x33, 0x01, 0x01, 0x33, 0x01, 0x23, 0x01,
    0x33, 0x13, 0x11, 0x21, 0x01, 0x33, 0x11, 0x21, 0x11, 0x01, 0x03, 0xee, 0x01, 0x8e, 0x01, 0x8d,
    0xef, 0xfd, 0xe3, 0xbf, 0xfd, 0x6c, 0xe9, 0x2a, 0xfe, 0xed, 0x04, 0xfe, 0xea, 0xfe, 0xed, 0x05,
    0xb0, 0xfb, 0xb8, 0x04, 0x48, 0xfa, 0x50, 0x05, 0xb0, 0xfc, 0x11, 0xfe, 0x3f, 0x05, 0xb0, 0xfa,
    0x50, 0x01, 0xc1, 0x00, 0x00, 0x01, 0x00, 0x8b, 0x00, 0x00, 0x05, 0x1d, 0x05, 0xb0, 0x00, 0x09,
    0x00, 0x00, 0x41, 0x11, 0x21, 0x01, 0x11, 0x21, 0x11, 0x21, 0x01, 0x11, 0x05, 0x1d, 0xfe, 0xec,
    0xfd, 0x95, 0xfe, 0xed, 0x01, 0x13, 0x02, 0x6d, 0x05, 0xb0, 0xfa, 0x50, 0x03, 0xf2, 0xfc, 0x0e,
    0x05, 0xb0, 0xfc, 0x0d, 0x03, 0xf3, 0x00, 0x02, 0x00, 0x5d, 0xff, 0xec, 0x05, 0x26, 0x05, 0xc4,
    0x00, 0x15, 0x00, 0x2b, 0x00, 0x00, 0x41, 0x15, 0x14, 0x02, 0x06, 0x06, 0x23, 0x22, 0x26, 0x26,
    0x02, 0x35, 0x35, 0x34, 0x12, 0x36, 0x36, 0x33, 0x32, 0x16, 0x16, 0x12, 0x05, 0x35, 0x34, 0x2e,
    0x02, 0x23, 0x22, 0x0e, 0x02, 0x15, 0x15, 0x14, 0x1e, 0x02, 0x33, 0x32, 0x3e, 0x02, 0x05, 0x26,
    0x58, 0xa2, 0xe0, 0x89, 0x87, 0xe1, 0xa4, 0x5a, 0x5a, 0xa2, 0xe1, 0x87, 0x89, 0xe0, 0xa3, 0x59,
    0xfe, 0xea, 0x2c, 0x56, 0x7e, 0x4f, 0x50, 0x7b, 0x56, 0x2d, 0x2d, 0x57, 0x7c, 0x50, 0x50, 0x7c,
    0x55, 0x2c, 0x02, 0xfd, 0x4b, 0xa5, 0xfe, 0xf9, 0xb8, 0x62, 0x62, 0xb8, 0x01, 0x07, 0xa5, 0x4b,
    0xa6, 0x01, 0x06, 0xb9, 0x62, 0x62, 0xb9, 0xfe, 0xfa, 0xf1, 0x4d, 0x77, 0xb5, 0x7c, 0x3f, 0x3f,
    0x7c, 0xb5, 0x77, 0x4d, 0x76, 0xb6, 0x7d, 0x40, 0x40, 0x7d, 0xb6, 0x00, 0x00, 0x01, 0x00, 0x8b,
    0x00, 0x00, 0x04, 0xd5, 0x05, 0xb0, 0x00, 0x17, 0x00, 0x00, 0x41, 0x21, 0x35, 0x21, 0x32, 0x36,
    0x36, 0x35, 0x34, 0x26, 0x26, 0x23, 0x21, 0x11, 0x21, 0x11, 0x21, 0x32, 0x16, 0x16, 0x15, 0x14,
    0x06, 0x06, 0x02, 0xbb, 0xfe, 0x89, 0x01, 0x77, 0x5c, 0x73, 0x36, 0x36, 0x73, 0x5c, 0xfe, 0xe3,
    0xfe, 0xed, 0x02, 0x30, 0xaa, 0xf1, 0x7f, 0x7f, 0xf1, 0x02, 0x13, 0xd8, 0x3d, 0x6b, 0x45, 0x43,
    0x74, 0x48, 0xfb, 0x29, 0x05, 0xb0, 0x79, 0xd5, 0x88, 0x8d, 0xcc, 0x6e, 0x00, 0x03, 0x00, 0x5a,
    0xff, 0x00, 0x05, 0x23, 0x05, 0xc4, 0x00, 0x03, 0x00, 0x19, 0x00, 0x2f, 0x00, 0x00, 0x65, 0x01,
    0x07, 0x01, 0x01, 0x15, 0x14, 0x02, 0x06, 0x06, 0x23, 0x22, 0x26, 0x26, 0x02, 0x35, 0x35, 0x34,
    0x12, 0x36, 0x36, 0x33, 0x32, 0x16, 0x16, 0x12, 0x05, 0x35, 0x34, 0x2e, 0x02, 0x23, 0x22, 0x0e,
    0x02, 0x15, 0x15, 0x14, 0x1e, 0x02, 0x33, 0x32, 0x3e, 0x02, 0x03, 0x98, 0x01, 0x84, 0xb0, 0xfe,
    0x82, 0x02, 0x35, 0x58, 0xa3, 0xe0, 0x88, 0x87, 0xe1, 0xa4, 0x5a, 0x59, 0xa3, 0xe1, 0x87, 0x88,
    0xe1, 0xa3, 0x59, 0xfe, 0xea, 0x2c, 0x57, 0x7c, 0x50, 0x4f, 0x7c, 0x56, 0x2d, 0x2d, 0x57, 0x7d,
    0x4f, 0x50, 0x7c, 0x55, 0x2c, 0xcd, 0xfe, 0xcc, 0x99, 0x01, 0x32, 0x02, 0xcb, 0x4b, 0xa5, 0xfe,
    0xf9, 0xb8, 0x62, 0x62, 0xb8, 0x01, 0x07, 0xa5, 0x4b, 0xa6, 0x01, 0x06, 0xb9, 0x62, 0x62, 0xb9,
    0xfe, 0xfa, 0xf1, 0x4d, 0x77, 0xb5, 0x7c, 0x3f, 0x3f, 0x7c, 0xb5, 0x77, 0x4d, 0x76, 0xb6, 0x7d,
    0x40, 0x40, 0x7d, 0xb6, 0x00, 0x02, 0x00, 0x8b, 0x00, 0x00, 0x04, 0xe8, 0x05, 0xb0, 0x00, 0x18,
    0x00, 0x1d, 0x00, 0x00, 0x53, 0x21, 0x32, 0x16, 0x16, 0x15, 0x14, 0x06, 0x06, 0x07, 0x07, 0x21,
    0x27, 0x21, 0x32, 0x36, 0x36, 0x35, 0x34, 0x26, 0x26, 0x23, 0x23, 0x11, 0x21, 0x21, 0x01, 0x25,
    0x01, 0x15, 0x8b, 0x02, 0x11, 0xa6, 0xee, 0x80, 0x50, 0x91, 0x62, 0x56, 0xfe, 0x2d, 0x02, 0x01,
    0x5d, 0x55, 0x70, 0x39, 0x38, 0x72, 0x57, 0xfe, 0xfe, 0xed, 0x03, 0x36, 0xfe, 0xaf, 0x01, 0x23,
    0x01, 0x55, 0x05, 0xb0, 0x64, 0xc4, 0x8f, 0x71, 0xa6, 0x70, 0x20, 0x2c, 0xd9, 0x3c, 0x6a, 0x44,
    0x49, 0x6b, 0x3a, 0xfb, 0x29, 0x02, 0x8c, 0x01, 0xfd, 0x81, 0x0e, 0x00, 0x00, 0x01, 0x00, 0x48,
    0xff, 0xec, 0x04, 0x99, 0x05, 0xc4, 0x00, 0x39, 0x00, 0x00, 0x41, 0x34, 0x2e, 0x02, 0x27, 0x2e,
    0x03, 0x35, 0x34, 0x3e, 0x02, 0x33, 0x32, 0x16, 0x16, 0x15, 0x21, 0x34, 0x26, 0x26, 0x23, 0x22,
    0x06, 0x06, 0x15, 0x14, 0x1e, 0x02, 0x17, 0x1e, 0x03, 0x15, 0x14, 0x0e, 0x02, 0x23, 0x22, 0x2e,
    0x02, 0x35, 0x21, 0x14, 0x1e, 0x02, 0x33, 0x32, 0x36, 0x36, 0x03, 0x85, 0x19, 0x41, 0x75, 0x5c,
    0x66, 0xb0, 0x85, 0x4a, 0x4d, 0x8e, 0xc1, 0x75, 0xa2, 0xed, 0x82, 0xfe, 0xee, 0x39, 0x73, 0x57,
    0x54, 0x6f, 0x37, 0x26, 0x4c, 0x71, 0x4b, 0x78, 0xb5, 0x79, 0x3d, 0x4a, 0x8a, 0xc1, 0x77, 0x6a,
    0xcf, 0xa8, 0x64, 0x01, 0x14, 0x2d, 0x53, 0x70, 0x41, 0x54, 0x6d, 0x37, 0x01, 0x7a, 0x2a, 0x43,
    0x37, 0x35, 0x1d, 0x20, 0x50, 0x6a, 0x8b, 0x5c, 0x5a, 0x94, 0x6b, 0x3a, 0x76, 0xca, 0x7e, 0x44,
    0x68, 0x3c, 0x32, 0x56, 0x35, 0x28, 0x3f, 0x37, 0x2f, 0x17, 0x24, 0x58, 0x70, 0x8c, 0x59, 0x5e,
    0x94, 0x68, 0x36, 0x39, 0x73, 0xb1, 0x77, 0x45, 0x61, 0x3d, 0x1c, 0x2f, 0x54, 0x00, 0x00, 0x02,
    0x00, 0x2b, 0x00, 0x00, 0x04, 0xc0, 0x05, 0xb0, 0x00, 0x03, 0x00, 0x07, 0x00, 0x00, 0x41, 0x11,
    0x21, 0x11, 0x21, 0x15, 0x21, 0x35, 0x02, 0xfc, 0xfe, 0xee, 0x02, 0xd6, 0xfb, 0x6b, 0x05, 0xb0,
    0xfa, 0x50, 0x05, 0xb0, 0xd9, 0xd9, 0x00, 0x01, 0x00, 0x7a, 0xff, 0xec, 0x04, 0xc8, 0x05, 0xb0,
    0x00, 0x15, 0x00, 0x00, 0x41, 0x21, 0x11, 0x14, 0x06, 0x06, 0x23, 0x22, 0x26, 0x26, 0x35, 0x11,
    0x21, 0x11, 0x14, 0x16, 0x16, 0x33, 0x32, 0x36, 0x36, 0x35, 0x03, 0xb5, 0x01, 0x13, 0x90, 0xf8,
    0x9e, 0xa0, 0xfa, 0x8e, 0x01, 0x13, 0x44, 0x7c, 0x55, 0x56, 0x7b, 0x42, 0x05, 0xb0, 0xfc, 0x39,
    0xa7, 0xe3, 0x73, 0x73, 0xe3, 0xa7, 0x03, 0xc7, 0xfc, 0x39, 0x66, 0x81, 0x3e, 0x3e, 0x81, 0x66,
    0x00, 0x02, 0x00, 0x0c, 0x00, 0x00, 0x05, 0x27, 0x05, 0xb0, 0x00, 0x04, 0x00, 0x09, 0x00, 0x00,
    0x41, 0x01, 0x21, 0x01, 0x23, 0x01, 0x01, 0x13, 0x23, 0x01, 0x02, 0x8b, 0x01, 0x6b, 0x01, 0x31,
    0xfd, 0xfe, 0xcb, 0xfe, 0xe2, 0x01, 0x69, 0x34, 0xcd, 0xfe, 0x00, 0x01, 0x1d, 0x04, 0x93, 0xfa,
    0x50, 0x05, 0xb0, 0xfb, 0x6d, 0xfe, 0xe3, 0x05, 0xb0, 0x00, 0x00, 0x04, 0x00, 0x29, 0x00, 0x00,
    0x06, 0xe3, 0x05, 0xb0, 0x00, 0x05, 0x00, 0x0a, 0x00, 0x0f, 0x00, 0x15, 0x00, 0x00, 0x41, 0x01,
    0x33, 0x17, 0x01, 0x23, 0x03, 0x13, 0x11, 0x23, 0x01, 0x01, 0x13, 0x21, 0x01, 0x23, 0x03, 0x01,
    0x13, 0x23, 0x01, 0x37, 0x01, 0xf1, 0x01, 0x22, 0x9d, 0x0a, 0xfe, 0xca, 0xa6, 0xa4, 0xee, 0xb5,
    0xfe, 0xb6, 0x04, 0xbe, 0xea, 0x01, 0x12, 0xfe, 0xb6, 0xb5, 0xe9, 0x01, 0x22, 0x11, 0xa6, 0xfe,
    0xcb, 0x0c, 0x01, 0x17, 0x04, 0x99, 0xf8, 0xfb, 0x48, 0x05, 0xb0, 0xfb, 0x6b, 0xfe, 0xe5, 0x05,
    0xb0, 0xfb, 0x70, 0x04, 0x90, 0xfa, 0x50, 0x05, 0xb0, 0xfb, 0x63, 0xfe, 0xed, 0x04, 0xb9, 0xf7,
    0x00, 0x01, 0x00, 0x1e, 0x00, 0x00, 0x04, 0xf4, 0x05, 0xb0, 0x00, 0x0b, 0x00, 0x00, 0x41, 0x01,
    0x01, 0x21, 0x01, 0x01, 0x21, 0x01, 0x01, 0x21, 0x01, 0x01, 0x01, 0x66, 0x01, 0x23, 0x01, 0x24,
    0x01, 0x3c, 0xfe, 0x50, 0x01, 0xbb, 0xfe, 0xc1, 0xfe, 0xd4, 0xfe, 0xd5, 0xfe, 0xc0, 0x01, 0xbb,
    0xfe, 0x50, 0x05, 0xb0, 0xfd, 0xf9, 0x02, 0x07, 0xfd, 0x2e, 0xfd, 0x22, 0x02, 0x11, 0xfd, 0xef,
    0x02, 0xde, 0x02, 0xd2, 0x00, 0x01, 0x00, 0x05, 0x00, 0x00, 0x04, 0xe5, 0x05, 0xb0, 0x00, 0x08,
    0x00, 0x00, 0x41, 0x01, 0x01, 0x21, 0x01, 0x11, 0x21, 0x11, 0x01, 0x01, 0x35, 0x01, 0x40, 0x01,
    0x42, 0x01, 0x2e, 0xfe, 0x1c, 0xfe, 0xe9, 0xfe, 0x1b, 0x05, 0xb0, 0xfd, 0x59, 0x02, 0xa7, 0xfc,
    0x65, 0xfd, 0xeb, 0x02, 0x15, 0x03, 0x9b, 0x00, 0x00, 0x03, 0x00, 0x4d, 0x00, 0x00, 0x04, 0x97,
    0x05, 0xb0, 0x00, 0x03, 0x00, 0x09, 0x00, 0x0d, 0x00, 0x00, 0x65, 0x15, 0x21, 0x35, 0x01, 0x01,
    0x23, 0x35, 0x01, 0x33, 0x23, 0x15, 0x21, 0x35, 0x04, 0x97, 0xfc, 0x02, 0x03, 0xeb, 0xfc, 0x86,
    0xbd, 0x03, 0x7e, 0xb9, 0x62, 0xfc, 0x2e, 0xd8, 0xd8, 0xd8, 0x04, 0x37, 0xfa, 0xf1, 0xa5, 0x05,
    0x0b, 0xd9, 0xd9, 0x00, 0x00, 0x01, 0x00, 0x7f, 0xfe, 0xb5, 0x02, 0x21, 0x06, 0x96, 0x00, 0x07,
    0x00, 0x00, 0x41, 0x15, 0x23, 0x11, 0x33, 0x15, 0x21, 0x11, 0x02, 0x21, 0x99, 0x99, 0xfe, 0x5e,
    0x06, 0x96, 0xc9, 0xf9, 0xb0, 0xc8, 0x07, 0xe1, 0x00, 0x01, 0x00, 0x09, 0xff, 0x83, 0x03, 0x75,
    0x05, 0xb0, 0x00, 0x03, 0x00, 0x00, 0x45, 0x01, 0x21, 0x01, 0x02, 0x68, 0xfd, 0xa1, 0x01, 0x0c,
    0x02, 0x60, 0x7d, 0x06, 0x2d, 0xf9, 0xd3, 0x00, 0x00, 0x01, 0x00, 0x0c, 0xfe, 0xb5, 0x01, 0xaf,
    0x06, 0x96, 0x00, 0x07, 0x00, 0x00, 0x53, 0x35, 0x21, 0x11, 0x21, 0x35, 0x33, 0x11, 0x0c, 0x01,
    0xa3, 0xfe, 0x5d, 0x9a, 0x05, 0xcd, 0xc9, 0xf8, 0x1f, 0xc8, 0x06, 0x50, 0x00, 0x02, 0x00, 0x31,
    0x02, 0xd9, 0x03, 0x47, 0x05, 0xb0, 0x00, 0x04, 0x00, 0x09, 0x00, 0x00, 0x41, 0x03, 0x23, 0x01,
    0x33, 0x13, 0x03, 0x27, 0x33, 0x01, 0x01, 0xc6, 0xbe, 0xd7, 0x01, 0x2b, 0x98, 0x7c, 0xbd, 0x2f,
    0x98, 0x01, 0x2b, 0x04, 0xc5, 0xfe, 0x14, 0x02, 0xd7, 0xfd, 0x29, 0x01, 0xec, 0xeb, 0xfd, 0x29,
    0x00, 0x01, 0x00, 0x01, 0xff, 0x34, 0x03, 0x90, 0x00, 0x00, 0x00, 0x03, 0x00, 0x00, 0x61, 0x15,
    0x21, 0x35, 0x03, 0x90, 0xfc, 0x71, 0xcc, 0xcc, 0x00, 0x01, 0x00, 0x38, 0x04, 0xd0, 0x02, 0x21,
    0x06, 0x00, 0x00, 0x03, 0x00, 0x00, 0x41, 0x13, 0x23, 0x01, 0x01, 0x5d, 0xc4, 0xdb, 0xfe, 0xf2,
    0x06, 0x00, 0xfe, 0xd0, 0x01, 0x30, 0x00, 0x02, 0x00, 0x4c, 0xff, 0xec, 0x03, 0xff, 0x04, 0x4e,
    0x00, 0x1b, 0x00, 0x3a, 0x00, 0x00, 0x65, 0x11, 0x34, 0x26, 0x26, 0x23, 0x22, 0x06, 0x06, 0x15,
    0x21, 0x34, 0x3e, 0x02, 0x33, 0x32, 0x16, 0x16, 0x15, 0x11, 0x14, 0x16, 0x17, 0x15, 0x21, 0x26,
    0x26, 0x13, 0x17, 0x23, 0x22, 0x0e, 0x02, 0x15, 0x14, 0x16, 0x16, 0x33, 0x32, 0x36, 0x36, 0x37,
    0x17, 0x0e, 0x03, 0x23, 0x22, 0x26, 0x26, 0x35, 0x34, 0x3e, 0x02, 0x33, 0x02, 0xcb, 0x26, 0x4e,
    0x3c, 0x35, 0x4f, 0x2a, 0xfe, 0xf7, 0x40, 0x77, 0xa7, 0x68, 0x7b, 0xc1, 0x6f, 0x15, 0x15, 0xfe,
    0xf3, 0x13, 0x14, 0x25, 0x02, 0xa7, 0x3e, 0x5e, 0x3c, 0x1e, 0x25, 0x47, 0x30, 0x46, 0x68, 0x3a,
    0x02, 0x4c, 0x0e, 0x38, 0x58, 0x7c, 0x52, 0x69, 0xa6, 0x60, 0x40, 0x7e, 0xbb, 0x79, 0xe6, 0x01,
    0xf3, 0x37, 0x50, 0x2c, 0x24, 0x41, 0x2a, 0x43, 0x79, 0x5f, 0x36, 0x53, 0xa6, 0x7e, 0xfe, 0x28,
    0x51, 0x73, 0x2a, 0x11, 0x29, 0x7f, 0x01, 0xeb, 0x9d, 0x19, 0x2f, 0x41, 0x29, 0x28, 0x40, 0x25,
    0x39, 0x52, 0x25, 0x72, 0x29, 0x5c, 0x50, 0x34, 0x54, 0x92, 0x5d, 0x56, 0x84, 0x5b, 0x2f, 0x00,
    0x00, 0x03, 0x00, 0x76, 0xff, 0xec, 0x04, 0x37, 0x06, 0x00, 0x00, 0x04, 0x00, 0x1a, 0x00, 0x2f,
    0x00, 0x00, 0x53, 0x21, 0x11, 0x07, 0x23, 0x01, 0x15, 0x14, 0x0e, 0x02, 0x23, 0x22, 0x2e, 0x02,
    0x27, 0x35, 0x3e, 0x03, 0x33, 0x32, 0x1e, 0x02, 0x05, 0x35, 0x34, 0x2e, 0x02, 0x23, 0x22, 0x0e,
    0x02, 0x07, 0x15, 0x1e, 0x02, 0x33, 0x32, 0x3e, 0x02, 0x76, 0x01, 0x09, 0x1a, 0xef, 0x03, 0xc1,
    0x35, 0x6a, 0x9d, 0x69, 0x64, 0x93, 0x64, 0x3c, 0x0f, 0x0f, 0x3c, 0x64, 0x92, 0x63, 0x6a, 0x9f,
    0x69, 0x35, 0xfe, 0xf7, 0x16, 0x32, 0x56, 0x41, 0x3e, 0x57, 0x39, 0x1f, 0x05, 0x07, 0x34, 0x67,
    0x52, 0x40, 0x56, 0x32, 0x15, 0x06, 0x00, 0xfa, 0xef, 0xef, 0x02, 0x28, 0x15, 0x79, 0xca, 0x93,
    0x51, 0x4e, 0x8f, 0xc3, 0x74, 0x39, 0x75, 0xc2, 0x90, 0x4e, 0x51, 0x93, 0xc9, 0x8e, 0x15, 0x45,
    0x7b, 0x5e, 0x36, 0x2a, 0x4a, 0x64, 0x3a, 0x9c, 0x4d, 0x7b, 0x48, 0x33, 0x5d, 0x7c, 0x00, 0x01,
    0x00, 0x48, 0xff, 0xec, 0x03, 0xf3, 0x04, 0x4e, 0x00, 0x27, 0x00, 0x00, 0x65, 0x32, 0x36, 0x36,
    0x37, 0x33, 0x0e, 0x02, 0x23, 0x22, 0x2e, 0x02, 0x35, 0x35, 0x34, 0x3e, 0x02, 0x33, 0x32, 0x16,
    0x16, 0x17, 0x23, 0x2e, 0x02, 0x23, 0x22, 0x0e, 0x02, 0x15, 0x15, 0x14, 0x1e, 0x02, 0x02, 0x33,
    0x38, 0x58, 0x35, 0x02, 0xf9, 0x02, 0x78, 0xc7, 0x7b, 0x7d, 0xba, 0x7b, 0x3d, 0x3d, 0x7b, 0xba,
    0x7c, 0x83, 0xc7, 0x71, 0x02, 0xf9, 0x02, 0x30, 0x58, 0x3f, 0x43, 0x59, 0x31, 0x13, 0x13, 0x31,
    0x59, 0xbc, 0x2c, 0x50, 0x35, 0x6e, 0xae, 0x65, 0x54, 0x96, 0xc6, 0x71, 0x20, 0x71, 0xc6, 0x96,
    0x54, 0x66, 0xba, 0x7e, 0x3a, 0x5c, 0x38, 0x38, 0x61, 0x77, 0x41, 0x20, 0x42, 0x78, 0x5f, 0x38,
    0x00, 0x03, 0x00, 0x49, 0xff, 0xec, 0x04, 0x0a, 0x06, 0x00, 0x00, 0x04, 0x00, 0x1a, 0x00, 0x2f,
    0x00, 0x00, 0x65, 0x11, 0x21, 0x11, 0x23, 0x01, 0x35, 0x34, 0x3e, 0x02, 0x33, 0x32, 0x1e, 0x02,
    0x17, 0x15, 0x0e, 0x03, 0x23, 0x22, 0x2e, 0x02, 0x25, 0x15, 0x14, 0x1e, 0x02, 0x33, 0x32, 0x36,
    0x36, 0x37, 0x35, 0x2e, 0x03, 0x23, 0x22, 0x0e, 0x02, 0x03, 0x00, 0x01, 0x0a, 0xf0, 0xfd, 0x2f,
    0x39, 0x6e, 0x9d, 0x64, 0x61, 0x91, 0x67, 0x3e, 0x0e, 0x0e, 0x3e, 0x67, 0x92, 0x62, 0x63, 0x9d,
    0x6d, 0x39, 0x01, 0x09, 0x18, 0x36, 0x55, 0x3d, 0x4e, 0x65, 0x38, 0x08, 0x04, 0x21, 0x3b, 0x56,
    0x3b, 0x3d, 0x56, 0x36, 0x19, 0xe6, 0x05, 0x1a, 0xfa, 0x00, 0x02, 0x10, 0x15, 0x7c, 0xcb, 0x92,
    0x50, 0x4e, 0x90, 0xc5, 0x76, 0x39, 0x73, 0xc0, 0x8f, 0x4e, 0x52, 0x94, 0xc8, 0x8b, 0x15, 0x46,
    0x7a, 0x5d, 0x34, 0x45, 0x79, 0x4c, 0x9d, 0x3c, 0x66, 0x4a, 0x2a, 0x35, 0x5e, 0x7c, 0x00, 0x01,
    0x00, 0x4c, 0xff, 0xec, 0x04, 0x14, 0x04, 0x4e, 0x00, 0x2b, 0x00, 0x00, 0x45, 0x22, 0x2e, 0x02,
    0x35, 0x35, 0x34, 0x3e, 0x02, 0x33, 0x32, 0x1e, 0x02, 0x15, 0x15, 0x21, 0x35, 0x21, 0x35, 0x2e,
    0x02, 0x23, 0x22, 0x0e, 0x02, 0x15, 0x15, 0x14, 0x1e, 0x02, 0x33, 0x32, 0x36, 0x37, 0x17, 0x0e,
    0x02, 0x02, 0x5d, 0x7b, 0xc4, 0x89, 0x49, 0x48, 0x84, 0xb8, 0x6f, 0x73, 0xb0, 0x76, 0x3c, 0xfc,
    0xb0, 0x02, 0x4c, 0x02, 0x2c, 0x5c, 0x49, 0x3b, 0x57, 0x39, 0x1c, 0x25, 0x49, 0x67, 0x42, 0x53,
    0x87, 0x32, 0x85, 0x22, 0x73, 0xa2, 0x14, 0x50, 0x8f, 0xbf, 0x6e, 0x28, 0x7d, 0xcd, 0x94, 0x50,
    0x4d, 0x8c, 0xc3, 0x76, 0x6f, 0xb6, 0x14, 0x3f, 0x69, 0x3f, 0x33, 0x5d, 0x80, 0x4e, 0x28, 0x44,
    0x74, 0x55, 0x2f, 0x41, 0x40, 0x8a, 0x32, 0x5c, 0x39, 0x00, 0x00, 0x02, 0x00, 0x24, 0x00, 0x00,
    0x02, 0xda, 0x06, 0x15, 0x00, 0x11, 0x00, 0x15, 0x00, 0x00, 0x61, 0x21, 0x11, 0x34, 0x36, 0x36,
    0x33, 0x32, 0x16, 0x17, 0x07, 0x26, 0x26, 0x23, 0x22, 0x06, 0x06, 0x15, 0x17, 0x15, 0x21, 0x35,
    0x01, 0xd1, 0xfe, 0xf6, 0x5e, 0xae, 0x76, 0x27, 0x47, 0x23, 0x05, 0x13, 0x2d, 0x1b, 0x36, 0x4c,
    0x27, 0xdb, 0xfd, 0x78, 0x04, 0x9e, 0x7a, 0xa7, 0x56, 0x0a, 0x09, 0xc9, 0x05, 0x04, 0x26, 0x49,
    0x35, 0x64, 0xbe, 0xbe, 0x00, 0x03, 0x00, 0x4c, 0xfe, 0x56, 0x04, 0x17, 0x04, 0x4e, 0x00, 0x13,
    0x00, 0x29, 0x00, 0x3e, 0x00, 0x00, 0x41, 0x33, 0x11, 0x14, 0x06, 0x06, 0x23, 0x22, 0x26, 0x26,
    0x27, 0x37, 0x16, 0x16, 0x33, 0x32, 0x36, 0x36, 0x35, 0x11, 0x01, 0x35, 0x34, 0x3e, 0x02, 0x33,
    0x32, 0x1e, 0x02, 0x17, 0x15, 0x0e, 0x03, 0x23, 0x22, 0x2e, 0x02, 0x25, 0x15, 0x14, 0x1e, 0x02,
    0x33, 0x32, 0x36, 0x36, 0x37, 0x35, 0x2e, 0x03, 0x23, 0x22, 0x0e, 0x02, 0x03, 0x27, 0xf0, 0x7f,
    0xe4, 0x97, 0x41, 0x97, 0x8b, 0x2e, 0x77, 0x36, 0x88, 0x4f, 0x50, 0x71, 0x3d, 0xfd, 0x3e, 0x3c,
    0x71, 0xa1, 0x65, 0x6b, 0x93, 0x61, 0x37, 0x0f, 0x0e, 0x3d, 0x64, 0x94, 0x64, 0x64, 0xa0, 0x71,
    0x3c, 0x01, 0x08, 0x1c, 0x3a, 0x58, 0x3d, 0x52, 0x69, 0x37, 0x08, 0x05, 0x21, 0x3a, 0x5a, 0x3e,
    0x3c, 0x5a, 0x3a, 0x1d, 0x04, 0x3a, 0xfb, 0xe7, 0x93, 0xcd, 0x6b, 0x24, 0x4d, 0x3d, 0x9c, 0x3f,
    0x41, 0x3b, 0x71, 0x52, 0x03, 0x25, 0xfe, 0xcd, 0x15, 0x7c, 0xcb, 0x92, 0x50, 0x4e, 0x90, 0xc5,
    0x76, 0x39, 0x73, 0xc0, 0x8f, 0x4e, 0x52, 0x94, 0xc8, 0x8b, 0x15, 0x46, 0x7a, 0x5d, 0x34, 0x45,
    0x79, 0x4c, 0x9d, 0x3c, 0x66, 0x4a, 0x2a, 0x35, 0x5e, 0x7c, 0x00, 0x02, 0x00, 0x71, 0x00, 0x00,
    0x04, 0x06, 0x06, 0x00, 0x00, 0x03, 0x00, 0x1a, 0x00, 0x00, 0x41, 0x11, 0x21, 0x11, 0x13, 0x23,
    0x34, 0x3e, 0x02, 0x33, 0x32, 0x1e, 0x02, 0x15, 0x11, 0x21, 0x11, 0x34, 0x26, 0x26, 0x23, 0x22,
    0x0e, 0x02, 0x01, 0x7a, 0xfe, 0xf7, 0xdf, 0x4e, 0x3c, 0x6e, 0x99, 0x5d, 0x50, 0x83, 0x5e, 0x33,
    0xfe, 0xf6, 0x2c, 0x51, 0x3b, 0x40, 0x5c, 0x3b, 0x1d, 0x06, 0x00, 0xfa, 0x00, 0x06, 0x00, 0xfc,
    0x44, 0x71, 0xbe, 0x8d, 0x4e, 0x2d, 0x62, 0x9d, 0x70, 0xfd, 0x4e, 0x02, 0xb4, 0x4b, 0x57, 0x26,
    0x31, 0x56, 0x70, 0x00, 0x00, 0x02, 0x00, 0x74, 0x00, 0x00, 0x01, 0xa0, 0x05, 0xde, 0x00, 0x03,
    0x00, 0x0f, 0x00, 0x00, 0x41, 0x11, 0x21, 0x11, 0x03, 0x34, 0x36, 0x33, 0x32, 0x16, 0x15, 0x14,
    0x06, 0x23, 0x22, 0x26, 0x01, 0x8f, 0xfe, 0xf7, 0x12, 0x51, 0x45, 0x45, 0x51, 0x51, 0x45, 0x45,
    0x51, 0x04, 0x3a, 0xfb, 0xc6, 0x04, 0x3a, 0x01, 0x1b, 0x3b, 0x4e, 0x4e, 0x3b, 0x3a, 0x4e, 0x4e,
    0x00, 0x02, 0xff, 0xa3, 0xfe, 0x4b, 0x01, 0x9a, 0x05, 0xde, 0x00, 0x11, 0x00, 0x1d, 0x00, 0x00,
    0x53, 0x21, 0x11, 0x14, 0x06, 0x06, 0x23, 0x22, 0x26, 0x27, 0x37, 0x16, 0x16, 0x33, 0x32, 0x36,
    0x36, 0x35, 0x03, 0x34, 0x36, 0x33, 0x32, 0x16, 0x15, 0x14, 0x06, 0x23, 0x22, 0x26, 0x84, 0x01,
    0x0a, 0x53, 0x9c, 0x71, 0x23, 0x46, 0x22, 0x01, 0x16, 0x2e, 0x17, 0x2b, 0x3b, 0x1f, 0x16, 0x51,
    0x45, 0x45, 0x51, 0x51, 0x45, 0x45, 0x51, 0x04, 0x3a, 0xfb, 0x76, 0x73, 0xa0, 0x52, 0x08, 0x09,
    0xcc, 0x04, 0x05, 0x1e, 0x40, 0x33, 0x05, 0xa5, 0x3b, 0x4e, 0x4e, 0x3b, 0x3a, 0x4e, 0x4e, 0x00,
    0x00, 0x03, 0x00, 0x77, 0x00, 0x00, 0x04, 0x49, 0x06, 0x01, 0x00, 0x03, 0x00, 0x09, 0x00, 0x0d,
    0x00, 0x00, 0x41, 0x11, 0x21, 0x11, 0x01, 0x01, 0x03, 0x27, 0x37, 0x01, 0x13, 0x01, 0x37, 0x01,
    0x01, 0x7f, 0xfe, 0xf8, 0x03, 0xae, 0xfe, 0x29, 0xff, 0x54, 0xc5, 0x01, 0x26, 0x31, 0xfe, 0xb1,
    0xb0, 0x01, 0xd1, 0x06, 0x01, 0xf9, 0xff, 0x06, 0x01, 0xfe, 0x39, 0xfd, 0xef, 0xfe, 0xfd, 0xcd,
    0xf8, 0x01, 0x4f, 0xfb, 0xc6, 0x01, 0xf8, 0xab, 0xfd, 0x5d, 0x00, 0x01, 0x00, 0x86, 0x00, 0x00,
    0x01, 0x8f, 0x06, 0x00, 0x00, 0x03, 0x00, 0x00, 0x41, 0x11, 0x21, 0x11, 0x01, 0x8f, 0xfe, 0xf7,
    0x06, 0x00, 0xfa, 0x00, 0x06, 0x00, 0x00, 0x03, 0x00, 0x76, 0x00, 0x00, 0x06, 0x7e, 0x04, 0x4e,
    0x00, 0x04, 0x00, 0x1b, 0x00, 0x32, 0x00, 0x00, 0x41, 0x11, 0x21, 0x11, 0x33, 0x03, 0x23, 0x34,
    0x3e, 0x02, 0x33, 0x32, 0x1e, 0x02, 0x15, 0x11, 0x21, 0x11, 0x34, 0x26, 0x26, 0x23, 0x22, 0x0e,
    0x02, 0x05, 0x07, 0x3e, 0x03, 0x33, 0x32, 0x1e, 0x02, 0x15, 0x11, 0x21, 0x11, 0x34, 0x26, 0x26,
    0x23, 0x22, 0x0e, 0x02, 0x01, 0x7e, 0xfe, 0xf8, 0xf9, 0x18, 0x51, 0x37, 0x6c, 0x9f, 0x69, 0x49,
    0x7a, 0x59, 0x30, 0xfe, 0xf8, 0x2b, 0x50, 0x38, 0x3e, 0x59, 0x39, 0x1b, 0x02, 0x92, 0x6d, 0x01,
    0x36, 0x69, 0x9d, 0x67, 0x50, 0x81, 0x5c, 0x31, 0xfe, 0xf6, 0x2b, 0x50, 0x36, 0x37, 0x51, 0x37,
    0x1b, 0x03, 0x5c, 0xfc, 0xa4, 0x04, 0x3a, 0xfe, 0x0a, 0x71, 0xbe, 0x8d, 0x4e, 0x2b, 0x5b, 0x91,
    0x65, 0xfd, 0x2e, 0x02, 0xb7, 0x4c, 0x56, 0x23, 0x31, 0x56, 0x70, 0x10, 0x14, 0x66, 0xb3, 0x87,
    0x4d, 0x2d, 0x61, 0x9a, 0x6f, 0xfd, 0x49, 0x02, 0xb8, 0x4f, 0x54, 0x21, 0x29, 0x48, 0x5f, 0x00,
    0x00, 0x02, 0x00, 0x72, 0x00, 0x00, 0x04, 0x06, 0x04, 0x4e, 0x00, 0x04, 0x00, 0x1b, 0x00, 0x00,
    0x41, 0x11, 0x21, 0x11, 0x33, 0x03, 0x23, 0x3e, 0x03, 0x33, 0x32, 0x1e, 0x02, 0x15, 0x11, 0x21,
    0x11, 0x34, 0x26, 0x26, 0x23, 0x22, 0x0e, 0x02, 0x01, 0x7a, 0xfe, 0xf8, 0xf8, 0x1a, 0x4e, 0x01,
    0x3e, 0x71, 0x9c, 0x60, 0x4e, 0x7e, 0x5b, 0x31, 0xfe, 0xf6, 0x2b, 0x51, 0x3b, 0x3d, 0x5b, 0x3d,
    0x20, 0x03, 0x53, 0xfc, 0xad, 0x04, 0x3a, 0xfe, 0x0a, 0x76, 0xc0, 0x8a, 0x4a, 0x2c, 0x60, 0x9b,
    0x71, 0xfd, 0x4a, 0x02, 0xb8, 0x4a, 0x56, 0x24, 0x31, 0x56, 0x70, 0x00, 0x00, 0x02, 0x00, 0x48,
    0xff, 0xec, 0x04, 0x3f, 0x04, 0x4e, 0x00, 0x15, 0x00, 0x2b, 0x00, 0x00, 0x53, 0x35, 0x34, 0x3e,
    0x02, 0x33, 0x32, 0x1e, 0x02, 0x15, 0x15, 0x14, 0x0e, 0x02, 0x23, 0x22, 0x2e, 0x02, 0x25, 0x15,
    0x14, 0x1e, 0x02, 0x33, 0x32, 0x3e, 0x02, 0x35, 0x35, 0x34, 0x2e, 0x02, 0x23, 0x22, 0x0e, 0x02,
    0x48, 0x44, 0x82, 0xbc, 0x78, 0x7a, 0xbd, 0x82, 0x44, 0x44, 0x82, 0xbc, 0x79, 0x78, 0xbe, 0x82,
    0x44, 0x01, 0x08, 0x1c, 0x3a, 0x5d, 0x41, 0x40, 0x5c, 0x3b, 0x1c, 0x1c, 0x3b, 0x5d, 0x41, 0x40,
    0x5c, 0x3a, 0x1c, 0x02, 0x12, 0x15, 0x77, 0xc9, 0x94, 0x53, 0x53, 0x94, 0xc9, 0x77, 0x15, 0x76,
    0xc9, 0x95, 0x52, 0x52, 0x95, 0xc9, 0x8b, 0x15, 0x47, 0x7c, 0x5e, 0x35, 0x35, 0x5e, 0x7c, 0x47,
    0x15, 0x46, 0x7b, 0x5f, 0x37, 0x37, 0x5f, 0x7b, 0x00, 0x03, 0x00, 0x76, 0xfe, 0x60, 0x04, 0x36,
    0x04, 0x4e, 0x00, 0x04, 0x00, 0x1a, 0x00, 0x2f, 0x00, 0x00, 0x41, 0x11, 0x21, 0x11, 0x33, 0x01,
    0x15, 0x14, 0x0e, 0x02, 0x23, 0x22, 0x2e, 0x02, 0x27, 0x35, 0x3e, 0x03, 0x33, 0x32, 0x1e, 0x02,
    0x05, 0x35, 0x34, 0x2e, 0x02, 0x23, 0x22, 0x0e, 0x02, 0x07, 0x15, 0x1e, 0x02, 0x33, 0x32, 0x3e,
    0x02, 0x01, 0x7f, 0xfe, 0xf7, 0xf5, 0x02, 0xcb, 0x37, 0x6a, 0x9d, 0x66, 0x64, 0x94, 0x66, 0x3d,
    0x0f, 0x0f, 0x3d, 0x66, 0x93, 0x63, 0x67, 0x9d, 0x6c, 0x36, 0xfe, 0xf7, 0x1a, 0x36, 0x56, 0x3d,
    0x3d, 0x58, 0x38, 0x1f, 0x05, 0x09, 0x34, 0x65, 0x51, 0x3d, 0x56, 0x36, 0x18, 0x03, 0x6a, 0xfa,
    0xf6, 0x05, 0xda, 0xfd, 0xee, 0x15, 0x76, 0xc9, 0x95, 0x53, 0x4d, 0x8e, 0xbd, 0x70, 0x43, 0x77,
    0xc3, 0x8f, 0x4e, 0x4e, 0x92, 0xca, 0x91, 0x15, 0x48, 0x7b, 0x5d, 0x34, 0x28, 0x4a, 0x65, 0x3d,
    0xa6, 0x4a, 0x76, 0x46, 0x36, 0x5f, 0x7c, 0x00, 0x00, 0x03, 0x00, 0x49, 0xfe, 0x60, 0x04, 0x09,
    0x04, 0x4e, 0x00, 0x04, 0x00, 0x1a, 0x00, 0x2f, 0x00, 0x00, 0x41, 0x11, 0x37, 0x33, 0x11, 0x01,
    0x35, 0x34, 0x3e, 0x02, 0x33, 0x32, 0x1e, 0x02, 0x17, 0x15, 0x0e, 0x03, 0x23, 0x22, 0x2e, 0x02,
    0x25, 0x15, 0x14, 0x1e, 0x02, 0x33, 0x32, 0x36, 0x36, 0x37, 0x35, 0x2e, 0x03, 0x23, 0x22, 0x0e,
    0x02, 0x02, 0xff, 0x20, 0xea, 0xfc, 0x40, 0x38, 0x6d, 0x9e, 0x66, 0x64, 0x92, 0x66, 0x3d, 0x0f,
    0x0f, 0x3d, 0x65, 0x94, 0x65, 0x65, 0x9d, 0x6d, 0x38, 0x01, 0x09, 0x19, 0x36, 0x55, 0x3d, 0x52,
    0x67, 0x35, 0x08, 0x05, 0x20, 0x39, 0x58, 0x3e, 0x3d, 0x56, 0x36, 0x1a, 0xfe, 0x60, 0x05, 0x00,
    0xda, 0xfa, 0x26, 0x03, 0xb2, 0x15, 0x7c, 0xcb, 0x91, 0x4f, 0x4e, 0x8f, 0xc4, 0x77, 0x39, 0x72,
    0xc1, 0x8f, 0x4f, 0x53, 0x94, 0xc9, 0x8b, 0x15, 0x47, 0x7b, 0x5e, 0x36, 0x48, 0x7b, 0x4c, 0x9c,
    0x3d, 0x66, 0x4a, 0x2a, 0x35, 0x5e, 0x7c, 0x00, 0x00, 0x02, 0x00, 0x77, 0x00, 0x00, 0x02, 0xc8,
    0x04, 0x4e, 0x00, 0x04, 0x00, 0x16, 0x00, 0x00, 0x41, 0x11, 0x21, 0x11, 0x33, 0x25, 0x07, 0x26,
    0x26, 0x23, 0x22, 0x0e, 0x02, 0x07, 0x27, 0x34, 0x3e, 0x02, 0x33, 0x32, 0x16, 0x01, 0x7f, 0xfe,
    0xf8, 0xfa, 0x01, 0x57, 0x04, 0x16, 0x37, 0x18, 0x3d, 0x5c, 0x3d, 0x20, 0x02, 0x39, 0x2a, 0x50,
    0x79, 0x4f, 0x16, 0x33, 0x03, 0x5d, 0xfc, 0xa3, 0x04, 0x3a, 0x07, 0xf6, 0x04, 0x04, 0x21, 0x3e,
    0x59, 0x38, 0x07, 0x67, 0xb0, 0x84, 0x49, 0x07, 0x00, 0x01, 0x00, 0x40, 0xff, 0xec, 0x03, 0xcc,
    0x04, 0x4e, 0x00, 0x35, 0x00, 0x00, 0x41, 0x34, 0x26, 0x26, 0x27, 0x2e, 0x03, 0x35, 0x34, 0x3e,
    0x02, 0x33, 0x32, 0x16, 0x16, 0x15, 0x21, 0x34, 0x26, 0x26, 0x23, 0x22, 0x06, 0x06, 0x15, 0x14,
    0x1e, 0x02, 0x17, 0x1e, 0x02, 0x15, 0x14, 0x0e, 0x02, 0x23, 0x22, 0x26, 0x26, 0x35, 0x33, 0x1e,
    0x02, 0x33, 0x32, 0x36, 0x36, 0x02, 0xca, 0x24, 0x63, 0x5f, 0x54, 0x8e, 0x66, 0x39, 0x3a, 0x6e,
    0x9e, 0x63, 0x8a, 0xc7, 0x6a, 0xfe, 0xf8, 0x27, 0x50, 0x3d, 0x37, 0x4b, 0x26, 0x15, 0x30, 0x53,
    0x3d, 0x79, 0xb5, 0x66, 0x3e, 0x76, 0xa4, 0x67, 0x95, 0xce, 0x6a, 0xfd, 0x03, 0x3e, 0x5f, 0x35,
    0x3c, 0x52, 0x2a, 0x01, 0x28, 0x22, 0x36, 0x2d, 0x14, 0x12, 0x36, 0x4d, 0x69, 0x45, 0x43, 0x77,
    0x5b, 0x35, 0x5a, 0x9d, 0x62, 0x2b, 0x46, 0x2b, 0x24, 0x3a, 0x23, 0x1a, 0x29, 0x22, 0x1c, 0x0d,
    0x18, 0x4f, 0x82, 0x65, 0x48, 0x77, 0x58, 0x31, 0x6b, 0xa5, 0x59, 0x3f, 0x4c, 0x21, 0x21, 0x39,
    0x00, 0x02, 0x00, 0x0b, 0xff, 0xec, 0x02, 0x82, 0x05, 0x44, 0x00, 0x03, 0x00, 0x15, 0x00, 0x00,
    0x41, 0x15, 0x21, 0x35, 0x13, 0x21, 0x11, 0x14, 0x16, 0x16, 0x33, 0x32, 0x36, 0x37, 0x17, 0x06,
    0x06, 0x23, 0x22, 0x26, 0x26, 0x35, 0x02, 0x77, 0xfd, 0x94, 0xa6, 0x01, 0x09, 0x1a, 0x34, 0x24,
    0x1a, 0x2c, 0x0f, 0x01, 0x21, 0x53, 0x34, 0x59, 0x86, 0x4a, 0x04, 0x3a, 0xbe, 0xbe, 0x01, 0x0a,
    0xfb, 0xf4, 0x30, 0x34, 0x12, 0x06, 0x03, 0xc6, 0x0b, 0x0e, 0x3d, 0x89, 0x71, 0x00, 0x00, 0x02,
    0x00, 0x70, 0xff, 0xec, 0x04, 0x05, 0x04, 0x3a, 0x00, 0x04, 0x00, 0x1b, 0x00, 0x00, 0x41, 0x11,
    0x21, 0x11, 0x23, 0x13, 0x37, 0x14, 0x0e, 0x02, 0x23, 0x22, 0x2e, 0x02, 0x35, 0x11, 0x21, 0x11,
    0x14, 0x1e, 0x02, 0x33, 0x32, 0x36, 0x36, 0x02, 0xfb, 0x01, 0x0a, 0xfa, 0x12, 0x52, 0x30, 0x65,
    0x9a, 0x69, 0x50, 0x84, 0x5f, 0x34, 0x01, 0x08, 0x19, 0x2d, 0x3d, 0x23, 0x60, 0x6f, 0x30, 0x01,
    0x01, 0x03, 0x39, 0xfb, 0xc6, 0x01, 0xe1, 0x02, 0x6d, 0xb8, 0x87, 0x4b, 0x2d, 0x61, 0x99, 0x6c,
    0x02, 0xbb, 0xfd, 0x43, 0x36, 0x48, 0x2d, 0x13, 0x4d, 0x83, 0x00, 0x02, 0x00, 0x11, 0x00, 0x00,
    0x03, 0xee, 0x04, 0x3a, 0x00, 0x04, 0x00, 0x09, 0x00, 0x00, 0x65, 0x13, 0x21, 0x01, 0x23, 0x03,
    0x13, 0x17, 0x23, 0x01, 0x01, 0xde, 0xfc, 0x01, 0x14, 0xfe, 0x8d, 0xa8, 0xad, 0xff, 0x09, 0xa9,
    0xfe, 0x8c, 0xc8, 0x03, 0x72, 0xfb, 0xc6, 0x04, 0x3a, 0xfc, 0x8c, 0xc6, 0x04, 0x3a, 0x00, 0x04,
    0x00, 0x20, 0x00, 0x00, 0x05, 0xc3, 0x04, 0x3a, 0x00, 0x05, 0x00, 0x0a, 0x00, 0x0f, 0x00, 0x15,
    0x00, 0x00, 0x41, 0x13, 0x33, 0x03, 0x03, 0x23, 0x03, 0x13, 0x13, 0x23, 0x01, 0x01, 0x13, 0x21,
    0x01, 0x23, 0x03, 0x13, 0x13, 0x23, 0x03, 0x03, 0x01, 0xa4, 0xed, 0xa8, 0x32, 0xef, 0x91, 0x66,
    0xb2, 0x10, 0xa7, 0xfe, 0xe4, 0x03, 0xf5, 0xae, 0x01, 0x00, 0xfe, 0xe6, 0xa7, 0xaf, 0xeb, 0x1f,
    0x91, 0xf1, 0x31, 0x01, 0x04, 0x03, 0x36, 0xfe, 0xe4, 0xfc, 0xe2, 0x04, 0x3a, 0xfc, 0xc8, 0xfe,
    0xfe, 0x04, 0x3a, 0xfc, 0xd4, 0x03, 0x2c, 0xfb, 0xc6, 0x04, 0x3a, 0xfc, 0xd2, 0xfe, 0xf4, 0x03,
    0x1e, 0x01, 0x1c, 0x00, 0x00, 0x01, 0x00, 0x1a, 0x00, 0x00, 0x03, 0xf7, 0x04, 0x3a, 0x00, 0x0b,
    0x00, 0x00, 0x41, 0x13, 0x13, 0x21, 0x01, 0x01, 0x21, 0x03, 0x03, 0x21, 0x01, 0x01, 0x01, 0x46,
    0xc1, 0xc4, 0x01, 0x1f, 0xfe, 0xc2, 0x01, 0x4b, 0xfe, 0xe1, 0xcf, 0xd0, 0xfe, 0xe1, 0x01, 0x4a,
    0xfe, 0xc4, 0x04, 0x3a, 0xfe, 0xa8, 0x01, 0x58, 0xfd, 0xee, 0xfd, 0xd8, 0x01, 0x69, 0xfe, 0x97,
    0x02, 0x28, 0x02, 0x12, 0x00, 0x02, 0x00, 0x08, 0xfe, 0x4b, 0x03, 0xf1, 0x04, 0x3a, 0x00, 0x13,
    0x00, 0x18, 0x00, 0x00, 0x65, 0x01, 0x21, 0x01, 0x0e, 0x03, 0x23, 0x22, 0x26, 0x27, 0x35, 0x16,
    0x16, 0x33, 0x32, 0x36, 0x36, 0x37, 0x03, 0x13, 0x13, 0x07, 0x01, 0x01, 0xb4, 0x01, 0x22, 0x01,
    0x1b, 0xfe, 0x4e, 0x0f, 0x2f, 0x4e, 0x75, 0x53, 0x24, 0x38, 0x1f, 0x0a, 0x1b, 0x0a, 0x3a, 0x4c,
    0x2f, 0x10, 0x3f, 0xf5, 0x2b, 0xb6, 0xfe, 0x79, 0x78, 0x03, 0xc2, 0xfb, 0x22, 0x28, 0x5e, 0x55,
    0x36, 0x0a, 0x08, 0xc6, 0x01, 0x01, 0x1b, 0x3b, 0x2f, 0x04, 0x94, 0xfc, 0xe3, 0xfe, 0xe9, 0x21,
    0x04, 0x55, 0x00, 0x03, 0x00, 0x4e, 0x00, 0x00, 0x03, 0xc7, 0x04, 0x3a, 0x00, 0x03, 0x00, 0x09,
    0x00, 0x0d, 0x00, 0x00, 0x65, 0x15, 0x21, 0x35, 0x01, 0x01, 0x23, 0x35, 0x01, 0x33, 0x23, 0x15,
    0x21, 0x35, 0x03, 0xc7, 0xfc, 0xd2, 0x03, 0x1b, 0xfd, 0x48, 0xae, 0x02, 0xb4, 0xb2, 0x61, 0xfd,
    0x09, 0xd0, 0xd0, 0xd0, 0x02, 0xcc, 0xfc, 0x64, 0xa3, 0x03, 0x97, 0xd1, 0xd1, 0x00, 0x00, 0x02,
    0x00, 0x34, 0xfe, 0x95, 0x02, 0x87, 0x06, 0x3d, 0x00, 0x11, 0x00, 0x25, 0x00, 0x00, 0x41, 0x17,
    0x06, 0x06, 0x15, 0x15, 0x14, 0x06, 0x06, 0x23, 0x35, 0x32, 0x36, 0x35, 0x35, 0x34, 0x36, 0x36,
    0x13, 0x07, 0x2e, 0x02, 0x35, 0x35, 0x34, 0x26, 0x26, 0x23, 0x35, 0x32, 0x16, 0x16, 0x15, 0x15,
    0x14, 0x16, 0x16, 0x02, 0x53, 0x34, 0x61, 0x47, 0x57, 0xbc, 0x98, 0x63, 0x56, 0x41, 0x9d, 0xbc,
    0x34, 0x88, 0x9d, 0x41, 0x26, 0x51, 0x42, 0x98, 0xbc, 0x57, 0x1f, 0x49, 0x06, 0x3d, 0x92, 0x22,
    0xad, 0x70, 0xcd, 0x64, 0xa4, 0x61, 0x91, 0x75, 0x63, 0xcd, 0x69, 0xb7, 0x8b, 0xf9, 0x12, 0x94,
    0x27, 0x8b, 0xb7, 0x69, 0xcc, 0x42, 0x61, 0x35, 0x92, 0x61, 0xa3, 0x66, 0xcc, 0x4b, 0x7f, 0x5e,
    0x00, 0x01, 0x00, 0xae, 0xfe, 0xf2, 0x01, 0x55, 0x05, 0xb0, 0x00, 0x03, 0x00, 0x00, 0x41, 0x11,
    0x23, 0x11, 0x01, 0x55, 0xa7, 0x05, 0xb0, 0xf9, 0x42, 0x06, 0xbe, 0x00, 0x00, 0x02, 0x00, 0x1f,
    0xfe, 0x95, 0x02, 0x73, 0x06, 0x3d, 0x00, 0x13, 0x00, 0x26, 0x00, 0x00, 0x53, 0x37, 0x1e, 0x02,
    0x15, 0x15, 0x14, 0x16, 0x16, 0x33, 0x15, 0x22, 0x26, 0x26, 0x35, 0x35, 0x34, 0x26, 0x26, 0x03,
    0x27, 0x3e, 0x02, 0x35, 0x35, 0x34, 0x36, 0x36, 0x33, 0x15, 0x22, 0x06, 0x15, 0x15, 0x14, 0x06,
    0x06, 0x1f, 0x34, 0x8a, 0x9c, 0x40, 0x26, 0x52, 0x42, 0x97, 0xbe, 0x57, 0x1d, 0x4a, 0x0d, 0x34,
    0x41, 0x49, 0x1e, 0x57, 0xbe, 0x97, 0x62, 0x58, 0x40, 0x9c, 0x05, 0xab, 0x92, 0x26, 0x8b, 0xb7,
    0x69, 0xcd, 0x42, 0x61, 0x35, 0x8c, 0x5d, 0xa3, 0x64, 0xcd, 0x4b, 0x80, 0x5d, 0xf9, 0x01, 0x94,
    0x16, 0x5e, 0x7f, 0x4b, 0xcc, 0x66, 0xa1, 0x5d, 0x8c, 0x75, 0x63, 0xcc, 0x69, 0xb7, 0x8b, 0x00,
    0x00, 0x01, 0x00, 0x70, 0x01, 0x80, 0x04, 0xcd, 0x03, 0x34, 0x00, 0x1f, 0x00, 0x00, 0x41, 0x33,
    0x14, 0x0e, 0x02, 0x23, 0x22, 0x26, 0x27, 0x26, 0x26, 0x23, 0x22, 0x06, 0x06, 0x15, 0x27, 0x34,
    0x3e, 0x02, 0x33, 0x32, 0x16, 0x17, 0x16, 0x16, 0x33, 0x32, 0x36, 0x36, 0x04, 0x07, 0xc6, 0x30,
    0x58, 0x79, 0x49, 0x52, 0x7f, 0x4a, 0x2c, 0x4d, 0x2c, 0x2a, 0x3d, 0x23, 0xc9, 0x2f, 0x58, 0x78,
    0x49, 0x52, 0x86, 0x44, 0x2e, 0x4c, 0x2a, 0x2a, 0x40, 0x25, 0x03, 0x15, 0x5a, 0x94, 0x6c, 0x3b,
    0x42, 0x44, 0x2b, 0x2e, 0x30, 0x53, 0x37, 0x01, 0x5a, 0x93, 0x69, 0x38, 0x45, 0x41, 0x2c, 0x2c,
    0x32, 0x56, 0x00, 0x00, 0x00, 0x01, 0x00, 0x00, 0x00, 0x60, 0x00, 0xa9, 0x00, 0x15, 0x00, 0x76,
    0x00, 0x07, 0x00, 0x01, 0x00, 0x00, 0x00, 0x00, 0x00, 0x00, 0x00, 0x00, 0x00, 0x00, 0x00, 0x00,
    0x00, 0x03, 0x00, 0x01, 0x00, 0x00, 0x00, 0x00, 0x00, 0x00, 0x00, 0x1f, 0x00, 0x38, 0x00, 0x5d,
    0x00, 0xb8, 0x01, 0x27, 0x01, 0x8a, 0x01, 0x9a, 0x01, 0xc6, 0x01, 0xf2, 0x02, 0x15, 0x02, 0x2a,
    0x02, 0x40, 0x02, 0x4d, 0x02, 0x63, 0x02, 0x73, 0x02, 0xb7, 0x02, 0xca, 0x02, 0xfd, 0x03, 0x50,
    0x03, 0x6e, 0x03, 0xad, 0x03, 0xf9, 0x04, 0x0d, 0x04, 0x6d, 0x04, 0xba, 0x04, 0xc6, 0x04, 0xd2,
    0x04, 0xec, 0x05, 0x00, 0x05, 0x1a, 0x05, 0x5e, 0x05, 0xf4, 0x06, 0x17, 0x06, 0x62, 0x06, 0x9d,
    0x06, 0xce, 0x06, 0xf0, 0x07, 0x0c, 0x07, 0x4e, 0x07, 0x6a, 0x07, 0x78, 0x07, 0x9b, 0x07, 0xc1,
    0x07, 0xd5, 0x07, 0xfc, 0x08, 0x15, 0x08, 0x58, 0x08, 0x80, 0x08, 0xcc, 0x09, 0x00, 0x09, 0x51,
    0x09, 0x65, 0x09, 0x8a, 0x09, 0xa7, 0x09, 0xda, 0x09, 0xfc, 0x0a, 0x16, 0x0a, 0x34, 0x0a, 0x46,
    0x0a, 0x56, 0x0a, 0x68, 0x0a, 0x82, 0x0a, 0x8e, 0x0a, 0x9d, 0x0a, 0xf2, 0x0b, 0x39, 0x0b, 0x72,
    0x0b, 0xb9, 0x0b, 0xf7, 0x0c, 0x1c, 0x0c, 0x77, 0x0c, 0xa4, 0x0c, 0xc2, 0x0c, 0xf2, 0x0d, 0x17,
    0x0d, 0x25, 0x0d, 0x72, 0x0d, 0xa0, 0x0d, 0xde, 0x0e, 0x26, 0x0e, 0x6e, 0x0e, 0x96, 0x0e, 0xe2,
    0x0f, 0x09, 0x0f, 0x37, 0x0f, 0x51, 0x0f, 0x84, 0x0f, 0xa4, 0x0f, 0xd3, 0x0f, 0xf1, 0x10, 0x2a,
    0x10, 0x38, 0x10, 0x72, 0x10, 0xa3, 0x00, 0x00, 0x00, 0x01, 0x00, 0x00, 0x00, 0x03, 0x03, 0xd7,
    0xbe, 0x1f, 0x07, 0x85, 0x5f, 0x0f, 0x3c, 0xf5, 0x00, 0x1b, 0x08, 0x00, 0x00, 0x00, 0x00, 0x00,
    0xc4, 0xf0, 0x11, 0x2e, 0x00, 0x00, 0x00, 0x00, 0xe6, 0x9c, 0xb2, 0xbd, 0xfa, 0x2c, 0xfd, 0xd5,
    0x09, 0x75, 0x08, 0x73, 0x00, 0x00, 0x00, 0x09, 0x00, 0x02, 0x00, 0x00, 0x00, 0x00, 0x00, 0x00,
    0x03, 0x8c, 0x00, 0x64, 0x01, 0xfd, 0x00, 0x00, 0x02, 0x24, 0x00, 0x83, 0x02, 0x8d, 0x00, 0x4f,
    0x04, 0xc8, 0x00, 0x49, 0x04, 0x92, 0x00, 0x60, 0x05, 0xe7, 0x00, 0x62, 0x05, 0x32, 0x00, 0x4e,
    0x01, 0x50, 0x00, 0x49, 0x02, 0xc8, 0x00, 0x7f, 0x02, 0xce, 0x00, 0x28, 0x03, 0x97, 0x00, 0x1b,
    0x04, 0x66, 0x00, 0x3d, 0x01, 0xe1, 0x00, 0x24, 0x02, 0xef, 0x00, 0x62, 0x02, 0x46, 0x00, 0x82,
    0x03, 0x0b, 0xff, 0xfa, 0x04, 0x92, 0x00, 0x64, 0x04, 0x92, 0x00, 0xa9, 0x04, 0x92, 0x00, 0x4c,
    0x04, 0x92, 0x00, 0x46, 0x04, 0x92, 0x00, 0x38, 0x04, 0x92, 0x00, 0x74, 0x04, 0x92, 0x00, 0x6b,
    0x04, 0x92, 0x00, 0x40, 0x04, 0x92, 0x00, 0x62, 0x04, 0x92, 0x00, 0x5a, 0x02, 0x2e, 0x00, 0x7d,
    0x02, 0x03, 0x00, 0x37, 0x04, 0x13, 0x00, 0x3a, 0x04, 0x8c, 0x00, 0x8b, 0x04, 0x25, 0x00, 0x7a,
    0x03, 0xf0, 0x00, 0x34, 0x07, 0x2c, 0x00, 0x54, 0x05, 0x57, 0x00, 0x0c, 0x05, 0x14, 0x00, 0x8b,
    0x05, 0x3b, 0x00, 0x5e, 0x05, 0x36, 0x00, 0x8b, 0x04, 0x83, 0x00, 0x8b, 0x04, 0x66, 0x00, 0x8b,
    0x05, 0x74, 0x00, 0x65, 0x05, 0xaa, 0x00, 0x8b, 0x02, 0x4d, 0x00, 0x9d, 0x04, 0x75, 0x00, 0x2d,
    0x05, 0x12, 0x00, 0x8b, 0x04, 0x53, 0x00, 0x8b, 0x07, 0x00, 0x00, 0x8b, 0x05, 0xa9, 0x00, 0x8b,
    0x05, 0x84, 0x00, 0x5d, 0x05, 0x22, 0x00, 0x8b, 0x05, 0x84, 0x00, 0x5a, 0x05, 0x15, 0x00, 0x8b,
    0x04, 0xe2, 0x00, 0x48, 0x04, 0xeb, 0x00, 0x2b, 0x05, 0x41, 0x00, 0x7a, 0x05, 0x32, 0x00, 0x0c,
    0x07, 0x06, 0x00, 0x29, 0x05, 0x11, 0x00, 0x1e, 0x04, 0xeb, 0x00, 0x05, 0x04, 0xd7, 0x00, 0x4d,
    0x02, 0x31, 0x00, 0x7f, 0x03, 0x5a, 0x00, 0x09, 0x02, 0x31, 0x00, 0x0c, 0x03, 0x78, 0x00, 0x31,
    0x03, 0x92, 0x00, 0x01, 0x02, 0x9a, 0x00, 0x38, 0x04, 0x4c, 0x00, 0x4c, 0x04, 0x80, 0x00, 0x76,
    0x04, 0x2c, 0x00, 0x48, 0x04, 0x81, 0x00, 0x49, 0x04, 0x4e, 0x00, 0x4c, 0x02, 0xd8, 0x00, 0x24,
    0x04, 0x8d, 0x00, 0x4c, 0x04, 0x77, 0x00, 0x71, 0x02, 0x14, 0x00, 0x74, 0x02, 0x0b, 0xff, 0xa3,
    0x04, 0x39, 0x00, 0x77, 0x02, 0x14, 0x00, 0x86, 0x06, 0xf3, 0x00, 0x76, 0x04, 0x78, 0x00, 0x72,
    0x04, 0x87, 0x00, 0x48, 0x04, 0x80, 0x00, 0x76, 0x04, 0x85, 0x00, 0x49, 0x02, 0xe1, 0x00, 0x77,
    0x04, 0x1d, 0x00, 0x40, 0x02, 0xb0, 0x00, 0x0b, 0x04, 0x77, 0x00, 0x70, 0x04, 0x02, 0x00, 0x11,
    0x05, 0xe8, 0x00, 0x20, 0x04, 0x0c, 0x00, 0x1a, 0x03, 0xf9, 0x00, 0x08, 0x04, 0x0c, 0x00, 0x4e,
    0x02, 0xa7, 0x00, 0x34, 0x02, 0x01, 0x00, 0xae, 0x02, 0xa7, 0x00, 0x1f, 0x05, 0x3e, 0x00, 0x70,
    0x00, 0x01, 0x00, 0x00, 0x07, 0x6c, 0xfe, 0x0c, 0x00, 0x00, 0x09, 0x7d, 0xfa, 0x2c, 0xfe, 0x38,
    0x09, 0x75, 0x08, 0x00, 0x00, 0x00, 0x00, 0x00, 0x00, 0x00, 0x00, 0x00, 0x00, 0x00, 0x00, 0x00,
    0x00, 0x00, 0x00, 0x60, 0x00, 0x04, 0x04, 0x97, 0x02, 0x58, 0x00, 0x05, 0x00, 0x00, 0x05, 0x9a,
    0x05, 0x33, 0x00, 0x00, 0x01, 0x1f, 0x05, 0x9a, 0x05, 0x33, 0x00, 0x00, 0x03, 0xd1, 0x00, 0x66,
    0x02, 0x00, 0x00, 0x00, 0x02, 0x00, 0x00, 0x00, 0x00, 0x00, 0x00, 0x00, 0x00, 0x00, 0x00, 0x00,
    0x00, 0x01, 0x00, 0x00, 0x00, 0x00, 0x00, 0x00, 0x00, 0x00, 0x00, 0x00, 0x00, 0x00, 0x47, 0x4f,
    0x4f, 0x47, 0x00, 0x40, 0x00, 0x20, 0x00, 0x7e, 0x06, 0x00, 0xfe, 0x00, 0x00, 0x66, 0x07, 0x9a,
    0x02, 0x00, 0x00, 0x00, 0x00, 0x01, 0x00, 0x00, 0x00, 0x00, 0x04, 0x3a, 0x05, 0xb0, 0x00, 0x00,
    0x00, 0x20, 0x00, 0x03, 0x00, 0x00, 0x00, 0x02, 0x00, 0x00, 0x00, 0x03, 0x00, 0x00, 0x00, 0x14,
    0x00, 0x03, 0x00, 0x01, 0x00, 0x00, 0x00, 0x14, 0x00, 0x04, 0x00, 0x20, 0x00, 0x00, 0x00, 0x04,
    0x00, 0x04, 0x00, 0x01, 0x00, 0x00, 0x00, 0x7e, 0xff, 0xff, 0x00, 0x00, 0x00, 0x20, 0xff, 0xff,
    0xff, 0xe1, 0x00, 0x01, 0x00, 0x00, 0x00, 0x00, 0x00, 0x00, 0x00, 0x06, 0x00, 0x4e, 0x00, 0x03,
    0x00, 0x01, 0x04, 0x09, 0x00, 0x02, 0x00, 0x0e, 0x00, 0x00, 0x00, 0x03, 0x00, 0x01, 0x04, 0x09,
    0x01, 0x25, 0x00, 0x0a, 0x00, 0x0e, 0x00, 0x03, 0x00, 0x01, 0x04, 0x09, 0x01, 0x27, 0x00, 0x0c,
    0x00, 0x18, 0x00, 0x03, 0x00, 0x01, 0x04, 0x09, 0x01, 0x28, 0x00, 0x0c, 0x00, 0x24, 0x00, 0x03,
    0x00, 0x01, 0x04, 0x09, 0x01, 0x2e, 0x00, 0x10, 0x00, 0x30, 0x00, 0x03, 0x00, 0x01, 0x04, 0x09,
    0x01, 0x32, 0x00, 0x0c, 0x00, 0x40, 0x00, 0x52, 0x00, 0x65, 0x00, 0x67, 0x00, 0x75, 0x00, 0x6c,
    0x00, 0x61, 0x00, 0x72, 0x00, 0x57, 0x00, 0x69, 0x00, 0x64, 0x00, 0x74, 0x00, 0x68, 0x00, 0x4e,
    0x00, 0x6f, 0x00, 0x72, 0x00, 0x6d, 0x00, 0x61, 0x00, 0x6c, 0x00, 0x57, 0x00, 0x65, 0x00, 0x69,
    0x00, 0x67, 0x00, 0x68, 0x00, 0x74, 0x00, 0x53, 0x00, 0x65, 0x00, 0x6d, 0x00, 0x69, 0x00, 0x42,
    0x00, 0x6f, 0x00, 0x6c, 0x00, 0x64, 0x00, 0x49, 0x00, 0x74, 0x00, 0x61, 0x00, 0x6c, 0x00, 0x69,
    0x00, 0x63, 0x00, 0x00, 0x00, 0x03, 0x00, 0x00, 0x00, 0x00, 0x00, 0x00, 0xff, 0x6a, 0x00, 0x64,
    0x00, 0x00, 0x00, 0x00, 0x00, 0x00, 0x00, 0x00, 0x00, 0x00, 0x00, 0x00, 0x00, 0x00, 0x00, 0x00,
    0x00, 0x00, 0x00, 0x00, 0x00, 0x01, 0x00, 0x02, 0x00, 0x08, 0x00, 0x08, 0xff, 0xff, 0x00, 0x0f,
    0x00, 0x01, 0x00, 0x01, 0x00, 0x08, 0x00, 0x03, 0x00, 0x00, 0x00, 0x14, 0x00, 0x03, 0x00, 0x00,
    0x00, 0x2c, 0x00, 0x02, 0x77, 0x64, 0x74, 0x68, 0x01, 0x25, 0x00, 0x00, 0x77, 0x67, 0x68, 0x74,
    0x01, 0x28, 0x00, 0x01, 0x69, 0x74, 0x61, 0x6c, 0x01, 0x32, 0x00, 0x02, 0x00, 0x06, 0x00, 0x12,
    0x00, 0x1e, 0x00, 0x01, 0x00, 0x00, 0x00, 0x02, 0x01, 0x27, 0x00, 0x64, 0x00, 0x00, 0x00, 0x01,
    0x00, 0x01, 0x00, 0x00, 0x01, 0x2e, 0x02, 0x58, 0x00, 0x00, 0x00, 0x03, 0x00, 0x02, 0x00, 0x02,
    0x01, 0x28, 0x00, 0x00, 0x00, 0x00, 0x00, 0x01, 0x00, 0x00, 0x00, 0x00,
};
static const size_t MDKR_FONT_FACE_SMALL_ttf_size = sizeof(MDKR_FONT_FACE_SMALL_ttf);

/* sub_mdkrsubtitle.ttf: 16728 bytes */
static const uint8_t MDKR_FONT_FACE_SUBTITLE_ttf[16728] = {
    0x00, 0x01, 0x00, 0x00, 0x00, 0x0b, 0x00, 0x80, 0x00, 0x03, 0x00, 0x30, 0x4f, 0x53, 0x2f, 0x32,
    0x94, 0x86, 0x8a, 0xf3, 0x00, 0x00, 0x01, 0x38, 0x00, 0x00, 0x00, 0x60, 0x63, 0x6d, 0x61, 0x70,
    0x00, 0x0c, 0x00, 0xd1, 0x00, 0x00, 0x03, 0x18, 0x00, 0x00, 0x00, 0x34, 0x67, 0x61, 0x73, 0x70,
    0x00, 0x00, 0x00, 0x10, 0x00, 0x00, 0x41, 0x50, 0x00, 0x00, 0x00, 0x08, 0x67, 0x6c, 0x79, 0x66,
    0x66, 0x40, 0x81, 0x80, 0x00, 0x00, 0x04, 0x10, 0x00, 0x00, 0x39, 0x9c, 0x68, 0x65, 0x61, 0x64,
    0x17, 0x71, 0xff, 0xe0, 0x00, 0x00, 0x00, 0xbc, 0x00, 0x00, 0x00, 0x36, 0x68, 0x68, 0x65, 0x61,
    0x0e, 0x1a, 0x05, 0x59, 0x00, 0x00, 0x00, 0xf4, 0x00, 0x00, 0x00, 0x24, 0x68, 0x6d, 0x74, 0x78,
    0x7a, 0x94, 0x28, 0xb0, 0x00, 0x00, 0x01, 0x98, 0x00, 0x00, 0x01, 0x80, 0x6c, 0x6f, 0x63, 0x61,
    0xba, 0xb1, 0xac, 0xb9, 0x00, 0x00, 0x03, 0x4c, 0x00, 0x00, 0x00, 0xc2, 0x6d, 0x61, 0x78, 0x70,
    0x00, 0x69, 0x00, 0xcd, 0x00, 0x00, 0x01, 0x18, 0x00, 0x00, 0x00, 0x20, 0x6e, 0x61, 0x6d, 0x65,
    0x52, 0x3d, 0x69, 0x11, 0x00, 0x00, 0x3d, 0xac, 0x00, 0x00, 0x03, 0x82, 0x70, 0x6f, 0x73, 0x74,
    0xff, 0x6d, 0x00, 0x64, 0x00, 0x00, 0x41, 0x30, 0x00, 0x00, 0x00, 0x20, 0x00, 0x01, 0x00, 0x00,
    0x00, 0x01, 0x01, 0x06, 0xee, 0xc4, 0x84, 0x6d, 0x5f, 0x0f, 0x3c, 0xf5, 0x00, 0x1d, 0x08, 0x00,
    0x00, 0x00, 0x00, 0x00, 0xcb, 0x61, 0xfc, 0x99, 0x00, 0x00, 0x00, 0x00, 0xe6, 0x9c, 0xb7, 0x2e,
    0xff, 0xc8, 0xfe, 0x70, 0x06, 0x7a, 0x07, 0xa6, 0x00, 0x00, 0x00, 0x08, 0x00, 0x02, 0x00, 0x00,
    0x00, 0x00, 0x00, 0x00, 0x00, 0x01, 0x00, 0x00, 0x07, 0xd5, 0xfe, 0x66, 0x00, 0x00, 0x06, 0xb8,
    0xff, 0xc8, 0xff, 0xda, 0x06, 0x7a, 0x00, 0x01, 0x00, 0x00, 0x00, 0x00, 0x00, 0x00, 0x00, 0x00,
    0x00, 0x00, 0x00, 0x00, 0x00, 0x00, 0x00, 0x60, 0x00, 0x01, 0x00, 0x00, 0x00, 0x60, 0x00, 0x8c,
    0x00, 0x05, 0x00, 0x3f, 0x00, 0x02, 0x00, 0x01, 0x00, 0x00, 0x00, 0x00, 0x00, 0x00, 0x00, 0x00,
    0x00, 0x00, 0x00, 0x00, 0x00, 0x01, 0x00, 0x01, 0x00, 0x03, 0x03, 0xf5, 0x01, 0x90, 0x00, 0x05,
    0x00, 0x00, 0x05, 0x9a, 0x05, 0x33, 0x00, 0x00, 0x01, 0x1f, 0x05, 0x9a, 0x05, 0x33, 0x00, 0x00,
    0x03, 0xd1, 0x00, 0x66, 0x02, 0x00, 0x00, 0x00, 0x00, 0x00, 0x00, 0x00, 0x00, 0x00, 0x00, 0x00,
    0x00, 0x00, 0x00, 0x00, 0x00, 0x01, 0x00, 0x00, 0x00, 0x00, 0x00, 0x00, 0x00, 0x00, 0x00, 0x00,
    0x00, 0x00, 0x70, 0x79, 0x72, 0x73, 0x00, 0x40, 0x00, 0x20, 0x00, 0x7e, 0x07, 0xd5, 0xfe, 0x66,
    0x00, 0x00, 0x07, 0xd5, 0x01, 0x9a, 0x00, 0x00, 0x00, 0x01, 0x00, 0x00, 0x00, 0x00, 0x03, 0xec,
    0x05, 0x78, 0x00, 0x00, 0x00, 0x20, 0x00, 0x01, 0x05, 0x18, 0x00, 0xee, 0x03, 0x1e, 0x00, 0x00,
    0x03, 0x28, 0x00, 0xe2, 0x03, 0x82, 0x00, 0x6e, 0x04, 0xf4, 0x00, 0x76, 0x04, 0x1c, 0x00, 0x8e,
    0x05, 0xcc, 0x00, 0x62, 0x05, 0x10, 0x00, 0x68, 0x02, 0x0a, 0x00, 0x82, 0x03, 0x78, 0x00, 0xf0,
    0x03, 0x78, 0x00, 0x4a, 0x04, 0xaa, 0x00, 0x6e, 0x04, 0x4e, 0x00, 0xbe, 0x02, 0x56, 0x00, 0x86,
    0x03, 0xc6, 0x00, 0x6c, 0x02, 0x56, 0x00, 0x86, 0x03, 0x8a, 0x00, 0x46, 0x04, 0x5e, 0x00, 0x66,
    0x03, 0x12, 0x00, 0x3a, 0x04, 0x24, 0x00, 0x64, 0x04, 0x02, 0x00, 0x36, 0x03, 0xea, 0x00, 0x4a,
    0x04, 0x02, 0x00, 0x4c, 0x03, 0xe0, 0x00, 0x7a, 0x03, 0xf4, 0x00, 0x30, 0x03, 0xfc, 0x00, 0x5a,
    0x03, 0xe0, 0x00, 0x2e, 0x02, 0x3c, 0x00, 0x7a, 0x02, 0x54, 0x00, 0x78, 0x03, 0xa2, 0x00, 0xa2,
    0x04, 0x4e, 0x00, 0xb4, 0x03, 0xa2, 0x00, 0xa2, 0x04, 0x62, 0x00, 0x68, 0x05, 0xd6, 0x00, 0x84,
    0x04, 0x50, 0x00, 0x4a, 0x04, 0x50, 0x00, 0x78, 0x04, 0x56, 0x00, 0x5a, 0x04, 0x46, 0x00, 0x86,
    0x03, 0xda, 0x00, 0x8c, 0x03, 0xaa, 0x00, 0x8c, 0x04, 0x84, 0x00, 0x6a, 0x04, 0x8e, 0x00, 0x92,
    0x02, 0x9a, 0x00, 0xa8, 0x04, 0x66, 0x00, 0x2e, 0x04, 0x76, 0x00, 0x8c, 0x03, 0xc8, 0x00, 0xb2,
    0x06, 0x3a, 0x00, 0x9c, 0x05, 0x50, 0x00, 0x94, 0x04, 0x68, 0x00, 0x68, 0x04, 0x3a, 0x00, 0x8e,
    0x04, 0x84, 0x00, 0x7a, 0x04, 0x76, 0x00, 0x8e, 0x03, 0xf6, 0x00, 0x58, 0x03, 0xd6, 0x00, 0x0a,
    0x04, 0xb8, 0x00, 0x8e, 0x03, 0xe8, 0x00, 0x10, 0x06, 0x82, 0x00, 0x18, 0x04, 0x7a, 0x00, 0x38,
    0x03, 0xe8, 0xff, 0xf2, 0x04, 0x12, 0x00, 0x46, 0x03, 0x44, 0x00, 0xf0, 0x03, 0x8a, 0x00, 0x46,
    0x03, 0x44, 0x00, 0x8c, 0x03, 0xd0, 0x00, 0xae, 0x05, 0x80, 0x00, 0x92, 0x02, 0xba, 0x00, 0x84,
    0x03, 0xfc, 0x00, 0x54, 0x04, 0x12, 0x00, 0x78, 0x03, 0xe8, 0x00, 0x54, 0x03, 0xfc, 0x00, 0x52,
    0x03, 0xfc, 0x00, 0x5c, 0x02, 0xee, 0x00, 0x00, 0x04, 0x12, 0x00, 0x5c, 0x04, 0x12, 0x00, 0x7a,
    0x02, 0x72, 0x00, 0x9a, 0x02, 0x72, 0xff, 0xd4, 0x03, 0xf6, 0x00, 0x96, 0x02, 0x4a, 0x00, 0x8c,
    0x06, 0x44, 0x00, 0x86, 0x04, 0x3a, 0x00, 0x84, 0x03, 0xde, 0x00, 0x4e, 0x04, 0x26, 0x00, 0x84,
    0x04, 0x26, 0x00, 0x68, 0x03, 0x18, 0x00, 0x84, 0x03, 0x8e, 0x00, 0x56, 0x03, 0x66, 0x00, 0x3c,
    0x04, 0x34, 0x00, 0x76, 0x03, 0x6c, 0x00, 0x24, 0x05, 0x74, 0x00, 0x18, 0x03, 0xaa, 0x00, 0x54,
    0x03, 0x94, 0x00, 0x14, 0x03, 0x94, 0x00, 0x48, 0x03, 0xf4, 0x00, 0xbc, 0x02, 0x5c, 0x00, 0xb4,
    0x03, 0xf4, 0x00, 0x50, 0x03, 0x96, 0x00, 0x70, 0x00, 0x00, 0x00, 0x02, 0x00, 0x00, 0x00, 0x03,
    0x00, 0x00, 0x00, 0x14, 0x00, 0x03, 0x00, 0x01, 0x00, 0x00, 0x00, 0x14, 0x00, 0x04, 0x00, 0x20,
    0x00, 0x00, 0x00, 0x04, 0x00, 0x04, 0x00, 0x01, 0x00, 0x00, 0x00, 0x7e, 0xff, 0xff, 0x00, 0x00,
    0x00, 0x20, 0xff, 0xff, 0xff, 0xe1, 0x00, 0x01, 0x00, 0x00, 0x00, 0x00, 0x00, 0x00, 0x00, 0x00,
    0x00, 0x00, 0x00, 0x35, 0x00, 0x76, 0x01, 0x12, 0x01, 0x97, 0x02, 0x03, 0x02, 0x89, 0x02, 0xad,
    0x02, 0xef, 0x03, 0x34, 0x03, 0x98, 0x03, 0xda, 0x04, 0x02, 0x04, 0x26, 0x04, 0x3c, 0x04, 0x6c,
    0x04, 0xb9, 0x04, 0xf3, 0x05, 0x52, 0x05, 0xb1, 0x06, 0x01, 0x06, 0x6d, 0x06, 0xd5, 0x07, 0x16,
    0x07, 0xa1, 0x08, 0x08, 0x08, 0x2e, 0x08, 0x66, 0x08, 0x9f, 0x08, 0xe2, 0x09, 0x1b, 0x09, 0x76,
    0x0a, 0x2a, 0x0a, 0x76, 0x0a, 0xdf, 0x0b, 0x3c, 0x0b, 0x7f, 0x0b, 0xc3, 0x0b, 0xfe, 0x0c, 0x71,
    0x0c, 0xb5, 0x0c, 0xd8, 0x0d, 0x21, 0x0d, 0x88, 0x0d, 0xb3, 0x0e, 0x10, 0x0e, 0x58, 0x0e, 0xa5,
    0x0e, 0xec, 0x0f, 0x4e, 0x0f, 0xb9, 0x10, 0x25, 0x10, 0x58, 0x10, 0x9c, 0x10, 0xf7, 0x11, 0x6f,
    0x11, 0xd7, 0x12, 0x1b, 0x12, 0x5c, 0x12, 0x8d, 0x12, 0xbf, 0x12, 0xf0, 0x13, 0x27, 0x13, 0x4b,
    0x13, 0x75, 0x13, 0xcc, 0x14, 0x24, 0x14, 0x7d, 0x14, 0xd6, 0x15, 0x29, 0x15, 0x79, 0x15, 0xea,
    0x16, 0x35, 0x16, 0x68, 0x16, 0xa7, 0x16, 0xf0, 0x17, 0x13, 0x17, 0x82, 0x17, 0xcb, 0x18, 0x16,
    0x18, 0x6f, 0x18, 0xc7, 0x19, 0x03, 0x19, 0x6c, 0x19, 0xbc, 0x1a, 0x05, 0x1a, 0x42, 0x1a, 0x9f,
    0x1a, 0xf8, 0x1b, 0x4a, 0x1b, 0x8b, 0x1b, 0xef, 0x1c, 0x13, 0x1c, 0x7d, 0x1c, 0xce, 0x00, 0x00,
    0x00, 0x02, 0x00, 0xe2, 0xff, 0xfe, 0x02, 0x2c, 0x05, 0x76, 0x00, 0x17, 0x00, 0x23, 0x00, 0x00,
    0x01, 0x14, 0x0e, 0x02, 0x23, 0x22, 0x2e, 0x02, 0x35, 0x03, 0x35, 0x34, 0x3e, 0x02, 0x33, 0x32,
    0x1e, 0x02, 0x15, 0x15, 0x11, 0x14, 0x06, 0x23, 0x22, 0x26, 0x35, 0x34, 0x36, 0x33, 0x32, 0x16,
    0x01, 0xfa, 0x07, 0x18, 0x2d, 0x26, 0x26, 0x2d, 0x18, 0x07, 0x34, 0x0e, 0x24, 0x41, 0x33, 0x33,
    0x40, 0x24, 0x0d, 0x56, 0x4e, 0x50, 0x56, 0x56, 0x50, 0x53, 0x51, 0x02, 0x60, 0x20, 0x3c, 0x2f,
    0x1d, 0x1d, 0x2f, 0x3c, 0x20, 0x01, 0x44, 0xf4, 0x2a, 0x50, 0x3e, 0x26, 0x27, 0x3f, 0x50, 0x2a,
    0xf6, 0xfd, 0x04, 0x55, 0x51, 0x51, 0x55, 0x56, 0x4e, 0x4e, 0x00, 0x02, 0x00, 0x6e, 0x03, 0x88,
    0x02, 0xfe, 0x05, 0x7c, 0x00, 0x16, 0x00, 0x2d, 0x00, 0x00, 0x01, 0x14, 0x0e, 0x02, 0x23, 0x22,
    0x2e, 0x02, 0x35, 0x35, 0x34, 0x3e, 0x02, 0x33, 0x32, 0x1e, 0x02, 0x15, 0x15, 0x05, 0x14, 0x0e,
    0x02, 0x23, 0x22, 0x2e, 0x02, 0x35, 0x35, 0x34, 0x3e, 0x02, 0x33, 0x32, 0x1e, 0x02, 0x15, 0x15,
    0x01, 0x62, 0x07, 0x19, 0x30, 0x28, 0x2c, 0x32, 0x18, 0x06, 0x06, 0x18, 0x32, 0x2c, 0x28, 0x30,
    0x19, 0x07, 0x01, 0x9c, 0x07, 0x19, 0x30, 0x28, 0x2c, 0x32, 0x18, 0x06, 0x06, 0x18, 0x32, 0x2c,
    0x28, 0x30, 0x19, 0x07, 0x04, 0x18, 0x1c, 0x34, 0x28, 0x18, 0x18, 0x28, 0x34, 0x1c, 0xd4, 0x19,
    0x34, 0x29, 0x1a, 0x1a, 0x29, 0x34, 0x19, 0x9c, 0x34, 0x1c, 0x34, 0x28, 0x18, 0x18, 0x28, 0x34,
    0x1c, 0xcc, 0x19, 0x34, 0x29, 0x1a, 0x1a, 0x29, 0x34, 0x19, 0x94, 0x00, 0x00, 0x02, 0x00, 0x76,
    0x00, 0xa0, 0x04, 0x92, 0x04, 0xc6, 0x00, 0x73, 0x00, 0x77, 0x00, 0x00, 0x01, 0x22, 0x2e, 0x02,
    0x35, 0x34, 0x3e, 0x02, 0x33, 0x33, 0x37, 0x3e, 0x03, 0x33, 0x32, 0x1e, 0x02, 0x15, 0x14, 0x0e,
    0x02, 0x07, 0x33, 0x37, 0x3e, 0x03, 0x33, 0x32, 0x1e, 0x02, 0x15, 0x14, 0x0e, 0x02, 0x07, 0x33,
    0x32, 0x1e, 0x02, 0x15, 0x14, 0x0e, 0x02, 0x23, 0x23, 0x07, 0x33, 0x32, 0x1e, 0x02, 0x15, 0x14,
    0x0e, 0x02, 0x23, 0x23, 0x07, 0x0e, 0x03, 0x23, 0x22, 0x2e, 0x02, 0x35, 0x34, 0x3e, 0x02, 0x37,
    0x23, 0x07, 0x0e, 0x03, 0x23, 0x22, 0x2e, 0x02, 0x35, 0x34, 0x3e, 0x02, 0x37, 0x23, 0x22, 0x2e,
    0x02, 0x35, 0x34, 0x3e, 0x02, 0x33, 0x33, 0x37, 0x17, 0x33, 0x37, 0x23, 0x01, 0x2a, 0x15, 0x28,
    0x1e, 0x13, 0x13, 0x1e, 0x28, 0x15, 0x82, 0x16, 0x01, 0x09, 0x13, 0x1f, 0x18, 0x13, 0x26, 0x1d,
    0x12, 0x01, 0x04, 0x09, 0x08, 0xaa, 0x16, 0x01, 0x09, 0x13, 0x1f, 0x18, 0x13, 0x26, 0x1d, 0x12,
    0x01, 0x04, 0x09, 0x08, 0x56, 0x13, 0x28, 0x1f, 0x14, 0x14, 0x1f, 0x28, 0x13, 0x74, 0x28, 0x54,
    0x13, 0x28, 0x1f, 0x14, 0x14, 0x1f, 0x28, 0x13, 0x74, 0x10, 0x05, 0x0d, 0x15, 0x1f, 0x16, 0x13,
    0x25, 0x1e, 0x12, 0x01, 0x04, 0x0a, 0x09, 0xaa, 0x10, 0x05, 0x0d, 0x15, 0x1f, 0x16, 0x13, 0x25,
    0x1e, 0x12, 0x01, 0x04, 0x0a, 0x09, 0x62, 0x15, 0x28, 0x1e, 0x13, 0x13, 0x1e, 0x28, 0x15, 0x80,
    0x28, 0x96, 0xa8, 0x28, 0xa8, 0x03, 0x2c, 0x06, 0x13, 0x24, 0x1f, 0x22, 0x26, 0x12, 0x04, 0x82,
    0x0a, 0x20, 0x1e, 0x16, 0x06, 0x12, 0x22, 0x1c, 0x03, 0x09, 0x1b, 0x35, 0x2e, 0x82, 0x0a, 0x20,
    0x1e, 0x16, 0x06, 0x12, 0x22, 0x1c, 0x03, 0x09, 0x1b, 0x35, 0x2e, 0x04, 0x12, 0x26, 0x22, 0x1f,
    0x24, 0x13, 0x06, 0xe0, 0x04, 0x12, 0x26, 0x22, 0x20, 0x24, 0x13, 0x05, 0x68, 0x1d, 0x32, 0x25,
    0x16, 0x04, 0x11, 0x20, 0x1d, 0x03, 0x0b, 0x20, 0x3d, 0x35, 0x68, 0x1d, 0x32, 0x25, 0x16, 0x04,
    0x11, 0x20, 0x1d, 0x03, 0x0b, 0x20, 0x3d, 0x35, 0x05, 0x13, 0x24, 0x20, 0x22, 0x26, 0x12, 0x04,
    0xe0, 0xe0, 0xe0, 0x00, 0x00, 0x01, 0x00, 0x8e, 0x00, 0x06, 0x03, 0x88, 0x05, 0x68, 0x00, 0x66,
    0x00, 0x00, 0x01, 0x1e, 0x03, 0x15, 0x14, 0x0e, 0x02, 0x07, 0x15, 0x14, 0x0e, 0x02, 0x23, 0x22,
    0x2e, 0x02, 0x35, 0x35, 0x2e, 0x03, 0x35, 0x35, 0x34, 0x3e, 0x02, 0x33, 0x32, 0x1e, 0x02, 0x15,
    0x14, 0x16, 0x33, 0x32, 0x36, 0x35, 0x34, 0x2e, 0x02, 0x27, 0x27, 0x2e, 0x03, 0x35, 0x35, 0x34,
    0x3e, 0x02, 0x37, 0x35, 0x34, 0x3e, 0x02, 0x33, 0x32, 0x1e, 0x02, 0x15, 0x15, 0x1e, 0x03, 0x15,
    0x14, 0x0e, 0x02, 0x23, 0x22, 0x2e, 0x02, 0x35, 0x34, 0x2e, 0x02, 0x23, 0x22, 0x0e, 0x02, 0x15,
    0x14, 0x1e, 0x02, 0x02, 0xb0, 0x47, 0x56, 0x2d, 0x0e, 0x28, 0x48, 0x65, 0x3d, 0x07, 0x19, 0x30,
    0x28, 0x2c, 0x32, 0x18, 0x06, 0x51, 0x5d, 0x2e, 0x0c, 0x06, 0x1e, 0x3e, 0x38, 0x0a, 0x2d, 0x2e,
    0x23, 0x38, 0x24, 0x20, 0x2a, 0x16, 0x22, 0x2b, 0x15, 0x0c, 0x50, 0x7d, 0x56, 0x2d, 0x24, 0x40,
    0x5a, 0x36, 0x06, 0x18, 0x32, 0x2c, 0x28, 0x30, 0x19, 0x07, 0x4a, 0x62, 0x39, 0x17, 0x1d, 0x2d,
    0x3a, 0x1c, 0x0f, 0x2c, 0x2a, 0x1d, 0x06, 0x12, 0x21, 0x1b, 0x0f, 0x1c, 0x15, 0x0c, 0x3d, 0x54,
    0x56, 0x02, 0xec, 0x1d, 0x37, 0x41, 0x4f, 0x34, 0x40, 0x64, 0x49, 0x2d, 0x08, 0x1c, 0x1c, 0x34,
    0x28, 0x18, 0x18, 0x28, 0x34, 0x1c, 0x28, 0x13, 0x42, 0x47, 0x3f, 0x11, 0x10, 0x0a, 0x28, 0x28,
    0x1e, 0x04, 0x15, 0x2b, 0x26, 0x24, 0x26, 0x1b, 0x27, 0x13, 0x1d, 0x17, 0x13, 0x08, 0x06, 0x21,
    0x42, 0x4b, 0x58, 0x38, 0x3a, 0x37, 0x51, 0x39, 0x23, 0x08, 0x4c, 0x19, 0x34, 0x29, 0x1a, 0x1a,
    0x29, 0x34, 0x19, 0x4c, 0x0c, 0x35, 0x45, 0x4d, 0x23, 0x27, 0x2d, 0x18, 0x06, 0x07, 0x12, 0x22,
    0x1b, 0x13, 0x1f, 0x16, 0x0c, 0x03, 0x0d, 0x1b, 0x19, 0x20, 0x31, 0x26, 0x1c, 0x00, 0x00, 0x05,
    0x00, 0x62, 0xff, 0xfa, 0x05, 0x68, 0x05, 0x78, 0x00, 0x1d, 0x00, 0x29, 0x00, 0x35, 0x00, 0x3f,
    0x00, 0x49, 0x00, 0x00, 0x25, 0x0e, 0x03, 0x23, 0x22, 0x26, 0x27, 0x26, 0x26, 0x27, 0x36, 0x36,
    0x37, 0x01, 0x3e, 0x03, 0x33, 0x32, 0x16, 0x17, 0x16, 0x16, 0x15, 0x14, 0x06, 0x07, 0x05, 0x14,
    0x06, 0x23, 0x22, 0x26, 0x35, 0x34, 0x36, 0x33, 0x32, 0x16, 0x01, 0x14, 0x06, 0x23, 0x22, 0x26,
    0x35, 0x34, 0x36, 0x33, 0x32, 0x16, 0x01, 0x34, 0x23, 0x22, 0x06, 0x15, 0x14, 0x16, 0x33, 0x32,
    0x01, 0x34, 0x23, 0x22, 0x06, 0x15, 0x14, 0x16, 0x33, 0x32, 0x02, 0x30, 0x09, 0x16, 0x1d, 0x25,
    0x19, 0x0c, 0x1b, 0x0f, 0x27, 0x21, 0x02, 0x02, 0x10, 0x0c, 0x02, 0x40, 0x08, 0x14, 0x18, 0x1e,
    0x14, 0x15, 0x23, 0x12, 0x26, 0x20, 0x13, 0x0b, 0xfe, 0x2c, 0x92, 0x86, 0x89, 0x95, 0x95, 0x89,
    0x8f, 0x89, 0x02, 0xd0, 0x92, 0x86, 0x89, 0x95, 0x95, 0x89, 0x8f, 0x89, 0xfc, 0x7a, 0x62, 0x30,
    0x34, 0x34, 0x30, 0x62, 0x02, 0xd0, 0x62, 0x30, 0x34, 0x34, 0x30, 0x62, 0x5c, 0x0f, 0x21, 0x1b,
    0x11, 0x0a, 0x08, 0x15, 0x2f, 0x18, 0x1e, 0x2b, 0x15, 0x04, 0x52, 0x10, 0x20, 0x1a, 0x10, 0x09,
    0x09, 0x14, 0x2e, 0x18, 0x1e, 0x2e, 0x12, 0x4e, 0x92, 0x8a, 0x8a, 0x92, 0x91, 0x87, 0x86, 0xfc,
    0x24, 0x92, 0x8a, 0x8a, 0x92, 0x91, 0x87, 0x86, 0x02, 0xb8, 0x64, 0x31, 0x33, 0x32, 0x32, 0xfd,
    0x1a, 0x64, 0x31, 0x33, 0x32, 0x32, 0x00, 0x03, 0x00, 0x68, 0xff, 0xfe, 0x04, 0x9a, 0x05, 0x80,
    0x00, 0x3b, 0x00, 0x4b, 0x00, 0x5f, 0x00, 0x00, 0x13, 0x34, 0x3e, 0x02, 0x33, 0x32, 0x1e, 0x02,
    0x15, 0x14, 0x06, 0x07, 0x17, 0x37, 0x36, 0x36, 0x33, 0x32, 0x17, 0x16, 0x16, 0x15, 0x14, 0x06,
    0x07, 0x07, 0x17, 0x16, 0x16, 0x15, 0x14, 0x06, 0x07, 0x06, 0x06, 0x23, 0x22, 0x26, 0x27, 0x0e,
    0x03, 0x23, 0x22, 0x2e, 0x02, 0x35, 0x34, 0x3e, 0x02, 0x37, 0x2e, 0x03, 0x01, 0x0e, 0x03, 0x15,
    0x14, 0x1e, 0x02, 0x33, 0x32, 0x3e, 0x02, 0x37, 0x03, 0x22, 0x0e, 0x02, 0x15, 0x14, 0x1e, 0x02,
    0x17, 0x3e, 0x03, 0x35, 0x34, 0x2e, 0x02, 0xde, 0x2b, 0x56, 0x82, 0x57, 0x49, 0x83, 0x61, 0x39,
    0x63, 0x73, 0x86, 0x34, 0x21, 0x49, 0x2a, 0x27, 0x2b, 0x1b, 0x17, 0x2c, 0x1e, 0x52, 0x46, 0x1e,
    0x2c, 0x18, 0x18, 0x14, 0x2a, 0x14, 0x27, 0x52, 0x3d, 0x16, 0x3f, 0x52, 0x63, 0x3a, 0x65, 0x9e,
    0x6d, 0x3a, 0x29, 0x45, 0x5c, 0x32, 0x18, 0x30, 0x26, 0x18, 0x01, 0x16, 0x14, 0x26, 0x1e, 0x12,
    0x1a, 0x27, 0x2c, 0x11, 0x1c, 0x2a, 0x24, 0x24, 0x16, 0x74, 0x16, 0x21, 0x17, 0x0c, 0x03, 0x13,
    0x28, 0x26, 0x1b, 0x29, 0x1c, 0x0e, 0x0f, 0x1e, 0x2d, 0x04, 0x34, 0x49, 0x7b, 0x57, 0x31, 0x31,
    0x5c, 0x82, 0x51, 0x57, 0xb0, 0x4f, 0x9c, 0x3e, 0x29, 0x3b, 0x22, 0x18, 0x2e, 0x18, 0x26, 0x48,
    0x24, 0x64, 0x52, 0x24, 0x4a, 0x24, 0x15, 0x2d, 0x14, 0x11, 0x11, 0x48, 0x4e, 0x1d, 0x36, 0x29,
    0x18, 0x40, 0x6e, 0x94, 0x54, 0x39, 0x6e, 0x62, 0x50, 0x1b, 0x24, 0x3e, 0x43, 0x50, 0xfe, 0x55,
    0x10, 0x2a, 0x32, 0x36, 0x1c, 0x2c, 0x38, 0x21, 0x0d, 0x0d, 0x1a, 0x26, 0x19, 0x03, 0x36, 0x15,
    0x21, 0x2a, 0x16, 0x06, 0x19, 0x2c, 0x40, 0x2d, 0x10, 0x2b, 0x30, 0x33, 0x18, 0x19, 0x2b, 0x21,
    0x13, 0x00, 0x00, 0x01, 0x00, 0x82, 0x03, 0x88, 0x01, 0x76, 0x05, 0x7c, 0x00, 0x16, 0x00, 0x00,
    0x01, 0x14, 0x0e, 0x02, 0x23, 0x22, 0x2e, 0x02, 0x35, 0x35, 0x34, 0x3e, 0x02, 0x33, 0x32, 0x1e,
    0x02, 0x15, 0x15, 0x01, 0x76, 0x07, 0x19, 0x30, 0x28, 0x2c, 0x32, 0x18, 0x06, 0x06, 0x18, 0x32,
    0x2c, 0x28, 0x30, 0x19, 0x07, 0x04, 0x18, 0x1c, 0x34, 0x28, 0x18, 0x18, 0x28, 0x34, 0x1c, 0xd4,
    0x19, 0x34, 0x29, 0x1a, 0x1a, 0x29, 0x34, 0x19, 0x9c, 0x00, 0x00, 0x01, 0x00, 0xf0, 0xff, 0x62,
    0x03, 0x2e, 0x06, 0x1a, 0x00, 0x2d, 0x00, 0x00, 0x05, 0x14, 0x0e, 0x02, 0x23, 0x26, 0x27, 0x2e,
    0x03, 0x35, 0x11, 0x34, 0x3e, 0x02, 0x33, 0x32, 0x1e, 0x02, 0x15, 0x14, 0x06, 0x23, 0x06, 0x07,
    0x0e, 0x03, 0x15, 0x11, 0x14, 0x1e, 0x02, 0x17, 0x16, 0x17, 0x32, 0x1e, 0x02, 0x03, 0x2e, 0x11,
    0x2a, 0x47, 0x36, 0x6e, 0x55, 0x25, 0x46, 0x37, 0x21, 0x43, 0x75, 0x9d, 0x5b, 0x26, 0x36, 0x22,
    0x10, 0x40, 0x46, 0x2c, 0x21, 0x0f, 0x1b, 0x16, 0x0d, 0x0d, 0x16, 0x1b, 0x0f, 0x21, 0x2c, 0x23,
    0x33, 0x21, 0x0f, 0x28, 0x19, 0x2b, 0x20, 0x12, 0x06, 0x2e, 0x13, 0x3d, 0x57, 0x77, 0x4e, 0x03,
    0xac, 0x5b, 0x88, 0x5b, 0x2e, 0x13, 0x21, 0x2b, 0x19, 0x32, 0x44, 0x02, 0x12, 0x08, 0x19, 0x25,
    0x33, 0x21, 0xfc, 0x72, 0x1e, 0x2e, 0x21, 0x18, 0x07, 0x12, 0x02, 0x13, 0x21, 0x2b, 0x00, 0x01,
    0x00, 0x4a, 0xff, 0x62, 0x02, 0x88, 0x06, 0x1a, 0x00, 0x2f, 0x00, 0x00, 0x17, 0x34, 0x3e, 0x02,
    0x33, 0x36, 0x37, 0x3e, 0x03, 0x35, 0x11, 0x34, 0x2e, 0x02, 0x27, 0x26, 0x27, 0x22, 0x2e, 0x02,
    0x35, 0x34, 0x3e, 0x02, 0x33, 0x32, 0x1e, 0x02, 0x15, 0x11, 0x14, 0x0e, 0x02, 0x07, 0x06, 0x07,
    0x22, 0x2e, 0x02, 0x4a, 0x0f, 0x21, 0x33, 0x23, 0x2b, 0x22, 0x0e, 0x1c, 0x16, 0x0d, 0x0d, 0x16,
    0x1c, 0x0e, 0x22, 0x2b, 0x23, 0x33, 0x21, 0x0f, 0x10, 0x22, 0x36, 0x26, 0x5b, 0x9d, 0x75, 0x43,
    0x22, 0x37, 0x46, 0x24, 0x56, 0x6d, 0x36, 0x47, 0x2a, 0x11, 0x28, 0x19, 0x2b, 0x21, 0x13, 0x02,
    0x12, 0x07, 0x18, 0x21, 0x2e, 0x1e, 0x03, 0x8e, 0x21, 0x33, 0x25, 0x19, 0x08, 0x12, 0x02, 0x12,
    0x20, 0x2b, 0x19, 0x19, 0x2b, 0x21, 0x13, 0x2e, 0x5b, 0x88, 0x5b, 0xfc, 0x54, 0x4e, 0x77, 0x57,
    0x3d, 0x13, 0x2e, 0x06, 0x12, 0x20, 0x2b, 0x00, 0x00, 0x01, 0x00, 0x6e, 0x00, 0xa4, 0x04, 0x3c,
    0x04, 0xec, 0x00, 0x48, 0x00, 0x00, 0x01, 0x37, 0x35, 0x34, 0x36, 0x33, 0x32, 0x16, 0x15, 0x15,
    0x17, 0x37, 0x36, 0x33, 0x32, 0x1e, 0x02, 0x15, 0x14, 0x06, 0x07, 0x07, 0x15, 0x17, 0x16, 0x16,
    0x15, 0x14, 0x0e, 0x02, 0x23, 0x22, 0x27, 0x27, 0x07, 0x15, 0x14, 0x06, 0x23, 0x22, 0x2e, 0x02,
    0x35, 0x35, 0x27, 0x07, 0x06, 0x23, 0x22, 0x2e, 0x02, 0x35, 0x34, 0x36, 0x37, 0x37, 0x35, 0x27,
    0x26, 0x26, 0x35, 0x34, 0x3e, 0x02, 0x33, 0x32, 0x16, 0x17, 0x01, 0xcc, 0x0c, 0x36, 0x48, 0x45,
    0x35, 0x0a, 0x94, 0x31, 0x2b, 0x15, 0x29, 0x20, 0x14, 0x27, 0x23, 0xb6, 0xb2, 0x24, 0x2a, 0x16,
    0x21, 0x2a, 0x13, 0x2a, 0x36, 0x8e, 0x0a, 0x35, 0x45, 0x24, 0x30, 0x1e, 0x0c, 0x0a, 0x8c, 0x36,
    0x2a, 0x14, 0x29, 0x21, 0x16, 0x2a, 0x24, 0xb2, 0xb6, 0x23, 0x27, 0x14, 0x20, 0x29, 0x15, 0x15,
    0x30, 0x17, 0x03, 0xb0, 0x08, 0xa4, 0x45, 0x4b, 0x4b, 0x45, 0xa4, 0x08, 0x64, 0x22, 0x1a, 0x28,
    0x30, 0x16, 0x20, 0x35, 0x15, 0x6e, 0x0c, 0x6a, 0x15, 0x37, 0x20, 0x16, 0x30, 0x28, 0x1a, 0x24,
    0x60, 0x08, 0xb8, 0x3f, 0x4d, 0x14, 0x25, 0x33, 0x20, 0xb8, 0x08, 0x60, 0x24, 0x1a, 0x28, 0x30,
    0x16, 0x20, 0x37, 0x15, 0x6a, 0x0c, 0x6e, 0x15, 0x35, 0x20, 0x16, 0x30, 0x28, 0x1a, 0x11, 0x11,
    0x00, 0x01, 0x00, 0xbe, 0x01, 0x64, 0x03, 0x98, 0x04, 0x3e, 0x00, 0x30, 0x00, 0x00, 0x01, 0x22,
    0x2e, 0x02, 0x35, 0x34, 0x3e, 0x02, 0x33, 0x33, 0x35, 0x34, 0x3e, 0x02, 0x33, 0x32, 0x1e, 0x02,
    0x15, 0x15, 0x33, 0x32, 0x1e, 0x02, 0x15, 0x14, 0x0e, 0x02, 0x23, 0x23, 0x15, 0x14, 0x0e, 0x02,
    0x23, 0x22, 0x2e, 0x02, 0x35, 0x35, 0x23, 0x01, 0x50, 0x1d, 0x34, 0x29, 0x18, 0x18, 0x28, 0x34,
    0x1c, 0x62, 0x06, 0x18, 0x32, 0x2c, 0x28, 0x30, 0x19, 0x07, 0x64, 0x19, 0x34, 0x29, 0x1a, 0x1a,
    0x29, 0x34, 0x19, 0x64, 0x07, 0x19, 0x30, 0x28, 0x2c, 0x32, 0x18, 0x06, 0x4c, 0x02, 0x58, 0x07,
    0x19, 0x2f, 0x29, 0x2c, 0x32, 0x18, 0x06, 0x62, 0x19, 0x34, 0x29, 0x1a, 0x1a, 0x29, 0x34, 0x19,
    0x62, 0x06, 0x18, 0x32, 0x2c, 0x29, 0x2f, 0x19, 0x07, 0x64, 0x1c, 0x34, 0x28, 0x18, 0x18, 0x28,
    0x34, 0x1c, 0x64, 0x00, 0x00, 0x01, 0x00, 0x86, 0xff, 0x5c, 0x01, 0xd0, 0x01, 0x4a, 0x00, 0x1a,
    0x00, 0x00, 0x25, 0x14, 0x0e, 0x02, 0x23, 0x22, 0x26, 0x35, 0x35, 0x3e, 0x03, 0x35, 0x34, 0x2e,
    0x04, 0x35, 0x34, 0x36, 0x33, 0x32, 0x16, 0x01, 0xd0, 0x16, 0x2d, 0x45, 0x2e, 0x11, 0x1f, 0x01,
    0x0a, 0x0c, 0x09, 0x14, 0x1d, 0x22, 0x1d, 0x14, 0x56, 0x50, 0x53, 0x51, 0xa6, 0x31, 0x73, 0x63,
    0x43, 0x18, 0x1a, 0x08, 0x0a, 0x15, 0x14, 0x14, 0x0b, 0x0b, 0x0e, 0x10, 0x15, 0x23, 0x35, 0x28,
    0x56, 0x4e, 0x4e, 0x00, 0x00, 0x01, 0x00, 0x6c, 0x01, 0xe0, 0x03, 0x46, 0x02, 0xd4, 0x00, 0x16,
    0x00, 0x00, 0x13, 0x22, 0x2e, 0x02, 0x35, 0x34, 0x3e, 0x02, 0x33, 0x21, 0x32, 0x1e, 0x02, 0x15,
    0x14, 0x0e, 0x02, 0x23, 0x21, 0xfc, 0x1c, 0x34, 0x28, 0x18, 0x18, 0x28, 0x34, 0x1c, 0x01, 0xba,
    0x19, 0x34, 0x29, 0x1a, 0x1a, 0x29, 0x34, 0x19, 0xfe, 0x7e, 0x01, 0xe0, 0x07, 0x19, 0x2f, 0x29,
    0x2c, 0x32, 0x18, 0x06, 0x06, 0x18, 0x32, 0x2c, 0x29, 0x2f, 0x19, 0x07, 0x00, 0x01, 0x00, 0x86,
    0x00, 0x00, 0x01, 0xd0, 0x01, 0x4a, 0x00, 0x0b, 0x00, 0x00, 0x25, 0x14, 0x06, 0x23, 0x22, 0x26,
    0x35, 0x34, 0x36, 0x33, 0x32, 0x16, 0x01, 0xd0, 0x56, 0x4e, 0x50, 0x56, 0x56, 0x50, 0x53, 0x51,
    0xa6, 0x55, 0x51, 0x51, 0x55, 0x56, 0x4e, 0x4e, 0x00, 0x01, 0x00, 0x46, 0xff, 0xe6, 0x03, 0x3a,
    0x05, 0x80, 0x00, 0x1c, 0x00, 0x00, 0x25, 0x0e, 0x03, 0x23, 0x22, 0x27, 0x26, 0x26, 0x27, 0x34,
    0x36, 0x37, 0x01, 0x3e, 0x03, 0x37, 0x32, 0x16, 0x17, 0x16, 0x16, 0x17, 0x14, 0x06, 0x07, 0x01,
    0x3e, 0x08, 0x13, 0x1b, 0x23, 0x17, 0x19, 0x1f, 0x29, 0x24, 0x03, 0x0d, 0x09, 0x01, 0xe8, 0x07,
    0x10, 0x16, 0x1d, 0x14, 0x15, 0x23, 0x14, 0x27, 0x22, 0x03, 0x0d, 0x09, 0x4a, 0x11, 0x23, 0x1d,
    0x13, 0x0e, 0x12, 0x2c, 0x18, 0x1d, 0x2a, 0x17, 0x04, 0x76, 0x10, 0x22, 0x1b, 0x13, 0x02, 0x06,
    0x08, 0x11, 0x2b, 0x18, 0x1e, 0x2e, 0x14, 0x00, 0x00, 0x02, 0x00, 0x66, 0xff, 0xf8, 0x03, 0xf8,
    0x05, 0x80, 0x00, 0x1f, 0x00, 0x35, 0x00, 0x00, 0x13, 0x34, 0x3e, 0x04, 0x33, 0x33, 0x32, 0x1e,
    0x04, 0x15, 0x11, 0x14, 0x0e, 0x04, 0x23, 0x23, 0x22, 0x2e, 0x04, 0x35, 0x05, 0x16, 0x17, 0x16,
    0x16, 0x33, 0x32, 0x36, 0x37, 0x36, 0x37, 0x11, 0x26, 0x27, 0x26, 0x26, 0x23, 0x22, 0x06, 0x07,
    0x06, 0x07, 0x66, 0x37, 0x56, 0x68, 0x63, 0x4f, 0x13, 0x22, 0x13, 0x50, 0x61, 0x67, 0x55, 0x36,
    0x36, 0x55, 0x67, 0x61, 0x50, 0x13, 0x22, 0x13, 0x4f, 0x63, 0x68, 0x56, 0x37, 0x01, 0x48, 0x03,
    0x10, 0x0d, 0x35, 0x2f, 0x2e, 0x34, 0x0d, 0x0f, 0x04, 0x04, 0x0f, 0x0d, 0x34, 0x2e, 0x2f, 0x35,
    0x0d, 0x10, 0x03, 0x03, 0xe8, 0x61, 0x89, 0x5a, 0x34, 0x1a, 0x06, 0x06, 0x1a, 0x34, 0x5a, 0x89,
    0x61, 0xfd, 0xb2, 0x64, 0x8c, 0x5d, 0x34, 0x1b, 0x06, 0x06, 0x1b, 0x34, 0x5d, 0x8c, 0x64, 0x34,
    0x23, 0x1b, 0x17, 0x27, 0x27, 0x17, 0x1b, 0x23, 0x02, 0xa4, 0x23, 0x1b, 0x17, 0x27, 0x27, 0x17,
    0x1b, 0x23, 0x00, 0x01, 0x00, 0x3a, 0x00, 0x00, 0x02, 0x98, 0x05, 0x78, 0x00, 0x27, 0x00, 0x00,
    0x01, 0x06, 0x06, 0x23, 0x22, 0x2e, 0x02, 0x35, 0x34, 0x3e, 0x02, 0x37, 0x3e, 0x03, 0x37, 0x3e,
    0x03, 0x33, 0x32, 0x1e, 0x02, 0x15, 0x11, 0x14, 0x0e, 0x02, 0x23, 0x22, 0x2e, 0x02, 0x35, 0x01,
    0x68, 0x21, 0x4e, 0x35, 0x1e, 0x33, 0x24, 0x15, 0x12, 0x20, 0x2a, 0x18, 0x32, 0x4f, 0x3e, 0x2e,
    0x11, 0x0a, 0x11, 0x12, 0x16, 0x11, 0x34, 0x3d, 0x1f, 0x08, 0x08, 0x1f, 0x3d, 0x34, 0x35, 0x3c,
    0x1f, 0x08, 0x03, 0xc2, 0x1e, 0x22, 0x17, 0x27, 0x32, 0x1c, 0x1c, 0x29, 0x1e, 0x18, 0x0d, 0x21,
    0x44, 0x3b, 0x2a, 0x08, 0x05, 0x07, 0x03, 0x01, 0x2a, 0x43, 0x54, 0x2b, 0xfc, 0x60, 0x2c, 0x55,
    0x42, 0x29, 0x29, 0x42, 0x55, 0x2c, 0x00, 0x01, 0x00, 0x64, 0x00, 0x00, 0x03, 0xfe, 0x05, 0x80,
    0x00, 0x46, 0x00, 0x00, 0x01, 0x32, 0x1e, 0x02, 0x15, 0x14, 0x0e, 0x02, 0x07, 0x06, 0x07, 0x0e,
    0x03, 0x15, 0x15, 0x21, 0x32, 0x1e, 0x02, 0x15, 0x14, 0x0e, 0x02, 0x23, 0x21, 0x22, 0x2e, 0x02,
    0x35, 0x35, 0x34, 0x3e, 0x02, 0x37, 0x3e, 0x03, 0x35, 0x34, 0x2e, 0x02, 0x23, 0x22, 0x0e, 0x02,
    0x15, 0x14, 0x0e, 0x02, 0x23, 0x22, 0x26, 0x35, 0x34, 0x3e, 0x04, 0x02, 0x28, 0x71, 0xab, 0x72,
    0x3a, 0x21, 0x35, 0x44, 0x23, 0x54, 0x69, 0x23, 0x45, 0x36, 0x22, 0x01, 0x5c, 0x2a, 0x54, 0x44,
    0x2a, 0x2a, 0x44, 0x54, 0x2a, 0xfe, 0x0e, 0x32, 0x41, 0x26, 0x0f, 0x33, 0x5d, 0x81, 0x4f, 0x4f,
    0x5e, 0x33, 0x10, 0x23, 0x33, 0x37, 0x13, 0x32, 0x3c, 0x1f, 0x09, 0x1e, 0x2d, 0x35, 0x16, 0x44,
    0x54, 0x0c, 0x22, 0x3e, 0x64, 0x90, 0x05, 0x80, 0x3d, 0x6d, 0x97, 0x5b, 0x3c, 0x66, 0x54, 0x44,
    0x1a, 0x3e, 0x26, 0x0e, 0x27, 0x33, 0x43, 0x2b, 0x3e, 0x08, 0x1c, 0x37, 0x2f, 0x30, 0x38, 0x1e,
    0x08, 0x21, 0x33, 0x3f, 0x1f, 0xa0, 0x4d, 0x87, 0x6f, 0x58, 0x1f, 0x1f, 0x39, 0x37, 0x38, 0x1d,
    0x34, 0x3c, 0x1d, 0x07, 0x1d, 0x2c, 0x35, 0x18, 0x27, 0x37, 0x22, 0x10, 0x4b, 0x3b, 0x1a, 0x52,
    0x5c, 0x5c, 0x4a, 0x2e, 0x00, 0x01, 0x00, 0x36, 0xff, 0xf8, 0x03, 0xb2, 0x05, 0x78, 0x00, 0x46,
    0x00, 0x00, 0x01, 0x35, 0x21, 0x22, 0x2e, 0x02, 0x35, 0x34, 0x3e, 0x02, 0x33, 0x21, 0x32, 0x1e,
    0x02, 0x15, 0x14, 0x06, 0x07, 0x03, 0x1e, 0x03, 0x15, 0x14, 0x0e, 0x04, 0x23, 0x22, 0x2e, 0x04,
    0x35, 0x34, 0x3e, 0x02, 0x33, 0x32, 0x16, 0x17, 0x1e, 0x03, 0x33, 0x32, 0x3e, 0x02, 0x35, 0x34,
    0x2e, 0x02, 0x23, 0x22, 0x26, 0x35, 0x34, 0x36, 0x37, 0x02, 0x1e, 0xfe, 0xfc, 0x22, 0x49, 0x3c,
    0x27, 0x27, 0x3c, 0x49, 0x22, 0x01, 0xbe, 0x28, 0x3f, 0x2b, 0x16, 0x05, 0x09, 0xb4, 0x2e, 0x58,
    0x45, 0x29, 0x29, 0x45, 0x5d, 0x69, 0x70, 0x36, 0x29, 0x5e, 0x5d, 0x55, 0x42, 0x27, 0x0e, 0x1d,
    0x2c, 0x1f, 0x29, 0x47, 0x18, 0x06, 0x19, 0x29, 0x3a, 0x26, 0x3a, 0x4b, 0x2c, 0x11, 0x1e, 0x33,
    0x41, 0x22, 0x30, 0x3c, 0x10, 0x12, 0x04, 0x54, 0x0e, 0x08, 0x1c, 0x38, 0x30, 0x2f, 0x37, 0x1c,
    0x08, 0x1a, 0x2b, 0x38, 0x1d, 0x11, 0x20, 0x0f, 0xfe, 0xd4, 0x13, 0x3f, 0x60, 0x83, 0x55, 0x60,
    0x95, 0x6e, 0x4b, 0x2e, 0x14, 0x10, 0x22, 0x31, 0x44, 0x54, 0x33, 0x19, 0x2d, 0x23, 0x15, 0x2e,
    0x30, 0x0b, 0x1c, 0x18, 0x11, 0x25, 0x3c, 0x4c, 0x27, 0x2d, 0x4c, 0x38, 0x1f, 0x3a, 0x32, 0x15,
    0x33, 0x20, 0x00, 0x01, 0x00, 0x4a, 0x00, 0x00, 0x03, 0x8a, 0x05, 0x78, 0x00, 0x38, 0x00, 0x00,
    0x01, 0x32, 0x1e, 0x02, 0x15, 0x11, 0x14, 0x0e, 0x02, 0x23, 0x22, 0x2e, 0x02, 0x35, 0x35, 0x21,
    0x22, 0x2e, 0x02, 0x35, 0x34, 0x36, 0x37, 0x13, 0x3e, 0x03, 0x33, 0x32, 0x1e, 0x02, 0x15, 0x14,
    0x0e, 0x02, 0x07, 0x30, 0x0e, 0x02, 0x07, 0x06, 0x07, 0x17, 0x33, 0x35, 0x34, 0x3e, 0x02, 0x02,
    0xfc, 0x31, 0x38, 0x1d, 0x08, 0x08, 0x1c, 0x38, 0x30, 0x2f, 0x38, 0x1e, 0x09, 0xfe, 0xaa, 0x3e,
    0x50, 0x2f, 0x13, 0x05, 0x03, 0xca, 0x0a, 0x13, 0x21, 0x3a, 0x32, 0x24, 0x2f, 0x1c, 0x0b, 0x08,
    0x0b, 0x0b, 0x02, 0x0c, 0x14, 0x18, 0x0d, 0x1f, 0x26, 0x08, 0xd2, 0x08, 0x1c, 0x38, 0x03, 0x9e,
    0x1b, 0x2e, 0x3d, 0x22, 0xfd, 0xb0, 0x23, 0x3c, 0x2d, 0x1a, 0x19, 0x2a, 0x3a, 0x21, 0xb2, 0x14,
    0x21, 0x2c, 0x17, 0x0c, 0x18, 0x0c, 0x02, 0xbe, 0x25, 0x46, 0x36, 0x21, 0x14, 0x21, 0x2b, 0x18,
    0x18, 0x31, 0x2a, 0x21, 0x08, 0x2b, 0x45, 0x59, 0x2e, 0x6c, 0x89, 0x08, 0x88, 0x22, 0x3c, 0x2d,
    0x1b, 0x00, 0x00, 0x01, 0x00, 0x4c, 0xff, 0xf8, 0x03, 0xc8, 0x05, 0x78, 0x00, 0x50, 0x00, 0x00,
    0x01, 0x36, 0x36, 0x33, 0x32, 0x1e, 0x04, 0x15, 0x14, 0x0e, 0x04, 0x23, 0x22, 0x2e, 0x02, 0x27,
    0x26, 0x35, 0x34, 0x3e, 0x02, 0x33, 0x32, 0x16, 0x17, 0x1e, 0x03, 0x33, 0x32, 0x3e, 0x02, 0x35,
    0x34, 0x2e, 0x02, 0x23, 0x22, 0x0e, 0x02, 0x23, 0x22, 0x2e, 0x02, 0x35, 0x13, 0x3e, 0x03, 0x33,
    0x21, 0x32, 0x1e, 0x02, 0x15, 0x14, 0x0e, 0x02, 0x23, 0x23, 0x22, 0x0e, 0x02, 0x07, 0x01, 0x82,
    0x29, 0x61, 0x26, 0x24, 0x58, 0x5a, 0x56, 0x42, 0x28, 0x29, 0x45, 0x5d, 0x69, 0x70, 0x36, 0x3b,
    0x83, 0x75, 0x59, 0x10, 0x06, 0x0e, 0x1d, 0x2c, 0x1f, 0x29, 0x47, 0x18, 0x06, 0x19, 0x29, 0x3a,
    0x26, 0x3a, 0x4b, 0x2c, 0x11, 0x22, 0x39, 0x48, 0x25, 0x20, 0x3f, 0x3f, 0x40, 0x22, 0x17, 0x2e,
    0x24, 0x17, 0x3a, 0x02, 0x0d, 0x1b, 0x2d, 0x23, 0x01, 0x90, 0x25, 0x4d, 0x3d, 0x27, 0x27, 0x3d,
    0x4d, 0x25, 0xf0, 0x08, 0x0f, 0x0b, 0x07, 0x01, 0x03, 0x78, 0x0f, 0x0d, 0x10, 0x27, 0x40, 0x5f,
    0x82, 0x54, 0x60, 0x95, 0x6e, 0x4b, 0x2e, 0x14, 0x1f, 0x3f, 0x5f, 0x41, 0x18, 0x18, 0x19, 0x2d,
    0x23, 0x15, 0x2e, 0x30, 0x0b, 0x1c, 0x18, 0x11, 0x25, 0x3c, 0x4c, 0x27, 0x31, 0x47, 0x2f, 0x17,
    0x11, 0x14, 0x11, 0x0a, 0x1b, 0x2c, 0x23, 0x02, 0x26, 0x16, 0x31, 0x2a, 0x1b, 0x08, 0x1c, 0x37,
    0x2f, 0x30, 0x38, 0x1c, 0x08, 0x01, 0x08, 0x11, 0x10, 0x00, 0x00, 0x02, 0x00, 0x7a, 0xff, 0xf8,
    0x03, 0xb4, 0x05, 0x78, 0x00, 0x36, 0x00, 0x4c, 0x00, 0x00, 0x13, 0x34, 0x36, 0x34, 0x36, 0x35,
    0x34, 0x3e, 0x04, 0x33, 0x1e, 0x03, 0x15, 0x14, 0x06, 0x07, 0x0e, 0x05, 0x15, 0x3e, 0x03, 0x33,
    0x32, 0x1e, 0x04, 0x15, 0x15, 0x14, 0x0e, 0x04, 0x23, 0x22, 0x2e, 0x04, 0x35, 0x05, 0x16, 0x17,
    0x16, 0x16, 0x33, 0x32, 0x36, 0x37, 0x36, 0x37, 0x35, 0x26, 0x27, 0x26, 0x26, 0x23, 0x22, 0x06,
    0x07, 0x06, 0x07, 0x7a, 0x01, 0x01, 0x18, 0x2d, 0x40, 0x4f, 0x5b, 0x33, 0x23, 0x35, 0x24, 0x12,
    0x24, 0x26, 0x1e, 0x2c, 0x1d, 0x11, 0x09, 0x03, 0x0a, 0x26, 0x2d, 0x32, 0x17, 0x1c, 0x4d, 0x52,
    0x50, 0x3e, 0x27, 0x31, 0x4c, 0x5e, 0x5a, 0x4d, 0x14, 0x1b, 0x53, 0x5e, 0x5d, 0x4c, 0x2f, 0x01,
    0x24, 0x02, 0x0d, 0x0b, 0x30, 0x2c, 0x2c, 0x2e, 0x0b, 0x0c, 0x03, 0x03, 0x0c, 0x0b, 0x2f, 0x2b,
    0x2c, 0x30, 0x0b, 0x0d, 0x02, 0x01, 0xea, 0x2f, 0x7b, 0x78, 0x64, 0x18, 0x3a, 0x77, 0x6e, 0x60,
    0x48, 0x29, 0x02, 0x17, 0x23, 0x2c, 0x18, 0x21, 0x42, 0x1d, 0x18, 0x26, 0x26, 0x2b, 0x37, 0x4a,
    0x32, 0x15, 0x1c, 0x10, 0x07, 0x0a, 0x1d, 0x36, 0x57, 0x7e, 0x56, 0x5c, 0x64, 0x8c, 0x5d, 0x34,
    0x1b, 0x06, 0x06, 0x1b, 0x34, 0x5d, 0x8c, 0x64, 0x26, 0x21, 0x1a, 0x17, 0x24, 0x24, 0x17, 0x1a,
    0x21, 0x92, 0x21, 0x1a, 0x16, 0x25, 0x25, 0x16, 0x1a, 0x21, 0x00, 0x01, 0x00, 0x30, 0x00, 0x00,
    0x03, 0xc6, 0x05, 0x78, 0x00, 0x2c, 0x00, 0x00, 0x01, 0x35, 0x21, 0x22, 0x2e, 0x02, 0x35, 0x34,
    0x3e, 0x02, 0x33, 0x21, 0x32, 0x1e, 0x02, 0x15, 0x14, 0x06, 0x07, 0x01, 0x0e, 0x03, 0x15, 0x15,
    0x14, 0x0e, 0x02, 0x23, 0x22, 0x2e, 0x02, 0x35, 0x35, 0x34, 0x3e, 0x02, 0x37, 0x02, 0x40, 0xfe,
    0xc6, 0x23, 0x4b, 0x3f, 0x29, 0x29, 0x3f, 0x4b, 0x23, 0x02, 0x18, 0x28, 0x3f, 0x2b, 0x16, 0x06,
    0x08, 0xfe, 0xe0, 0x19, 0x1d, 0x0f, 0x05, 0x05, 0x1e, 0x41, 0x3c, 0x3b, 0x3f, 0x1d, 0x05, 0x07,
    0x14, 0x22, 0x1b, 0x04, 0x56, 0x0c, 0x08, 0x1c, 0x38, 0x30, 0x2f, 0x37, 0x1c, 0x08, 0x1a, 0x2b,
    0x38, 0x1d, 0x11, 0x20, 0x0f, 0xfd, 0xf2, 0x2d, 0x41, 0x3a, 0x3e, 0x2a, 0x96, 0x2c, 0x54, 0x42,
    0x28, 0x28, 0x42, 0x54, 0x2c, 0x96, 0x47, 0x5a, 0x45, 0x42, 0x30, 0x00, 0x00, 0x03, 0x00, 0x5a,
    0xff, 0xf8, 0x03, 0xa2, 0x05, 0x80, 0x00, 0x17, 0x00, 0x4b, 0x00, 0x63, 0x00, 0x00, 0x01, 0x16,
    0x17, 0x16, 0x16, 0x33, 0x32, 0x36, 0x37, 0x36, 0x37, 0x35, 0x26, 0x27, 0x26, 0x26, 0x23, 0x22,
    0x0e, 0x02, 0x07, 0x06, 0x07, 0x13, 0x32, 0x1e, 0x04, 0x15, 0x15, 0x14, 0x0e, 0x02, 0x07, 0x1e,
    0x03, 0x15, 0x15, 0x14, 0x0e, 0x04, 0x23, 0x22, 0x2e, 0x04, 0x35, 0x35, 0x34, 0x3e, 0x02, 0x37,
    0x2e, 0x03, 0x35, 0x35, 0x34, 0x3e, 0x04, 0x03, 0x16, 0x17, 0x16, 0x16, 0x33, 0x32, 0x36, 0x37,
    0x36, 0x37, 0x35, 0x26, 0x27, 0x26, 0x26, 0x23, 0x22, 0x0e, 0x02, 0x07, 0x06, 0x07, 0x01, 0x86,
    0x02, 0x0e, 0x0c, 0x32, 0x30, 0x2d, 0x31, 0x0b, 0x0d, 0x02, 0x02, 0x0d, 0x0b, 0x31, 0x2d, 0x18,
    0x23, 0x1b, 0x12, 0x06, 0x0e, 0x02, 0x7e, 0x17, 0x4d, 0x58, 0x59, 0x48, 0x2d, 0x10, 0x1e, 0x2a,
    0x1a, 0x1a, 0x31, 0x25, 0x16, 0x30, 0x4d, 0x5e, 0x5c, 0x50, 0x17, 0x17, 0x51, 0x5f, 0x61, 0x50,
    0x32, 0x16, 0x25, 0x31, 0x1a, 0x1a, 0x2a, 0x1e, 0x10, 0x2f, 0x4b, 0x5d, 0x5a, 0x4e, 0x67, 0x02,
    0x0e, 0x0c, 0x32, 0x30, 0x2d, 0x31, 0x0b, 0x0d, 0x02, 0x02, 0x0d, 0x0b, 0x31, 0x2d, 0x18, 0x23,
    0x1b, 0x12, 0x06, 0x0e, 0x02, 0x01, 0x58, 0x1f, 0x18, 0x15, 0x22, 0x22, 0x15, 0x18, 0x1f, 0xbe,
    0x22, 0x1a, 0x17, 0x25, 0x0a, 0x11, 0x16, 0x0b, 0x1a, 0x22, 0x03, 0x6a, 0x05, 0x16, 0x2e, 0x54,
    0x7f, 0x5c, 0x1a, 0x3e, 0x57, 0x3c, 0x28, 0x0f, 0x0f, 0x28, 0x3c, 0x57, 0x3e, 0x6e, 0x5c, 0x7f,
    0x54, 0x2e, 0x16, 0x05, 0x05, 0x16, 0x2e, 0x54, 0x7f, 0x5c, 0x6e, 0x3e, 0x57, 0x3c, 0x28, 0x0f,
    0x0f, 0x28, 0x3c, 0x57, 0x3e, 0x1a, 0x5c, 0x7f, 0x54, 0x2e, 0x16, 0x05, 0xfe, 0x38, 0x1f, 0x18,
    0x15, 0x22, 0x22, 0x15, 0x18, 0x1f, 0x52, 0x22, 0x1a, 0x17, 0x25, 0x0a, 0x11, 0x16, 0x0b, 0x1a,
    0x22, 0x00, 0x00, 0x02, 0x00, 0x2e, 0x00, 0x00, 0x03, 0x66, 0x05, 0x80, 0x00, 0x34, 0x00, 0x4a,
    0x00, 0x00, 0x01, 0x14, 0x06, 0x14, 0x06, 0x15, 0x14, 0x0e, 0x02, 0x23, 0x2e, 0x03, 0x35, 0x34,
    0x36, 0x37, 0x3e, 0x05, 0x35, 0x0e, 0x03, 0x23, 0x22, 0x2e, 0x04, 0x35, 0x35, 0x34, 0x3e, 0x04,
    0x33, 0x32, 0x1e, 0x04, 0x15, 0x25, 0x26, 0x27, 0x26, 0x26, 0x23, 0x22, 0x06, 0x07, 0x06, 0x07,
    0x15, 0x16, 0x17, 0x16, 0x16, 0x33, 0x32, 0x36, 0x37, 0x36, 0x37, 0x03, 0x66, 0x01, 0x01, 0x35,
    0x5d, 0x80, 0x4c, 0x24, 0x36, 0x24, 0x12, 0x24, 0x26, 0x1f, 0x2c, 0x1e, 0x11, 0x09, 0x03, 0x0b,
    0x25, 0x2d, 0x33, 0x18, 0x1c, 0x4d, 0x52, 0x50, 0x3e, 0x27, 0x31, 0x4c, 0x5e, 0x5a, 0x4c, 0x15,
    0x1b, 0x54, 0x5d, 0x5d, 0x4a, 0x2f, 0xfe, 0xe0, 0x02, 0x0d, 0x0b, 0x30, 0x2c, 0x2c, 0x30, 0x0b,
    0x0d, 0x02, 0x02, 0x0d, 0x0b, 0x30, 0x2c, 0x2c, 0x30, 0x0b, 0x0d, 0x02, 0x03, 0x8c, 0x2f, 0x7a,
    0x76, 0x63, 0x18, 0x58, 0xb1, 0x8f, 0x5a, 0x02, 0x17, 0x23, 0x2c, 0x18, 0x21, 0x42, 0x1d, 0x17,
    0x27, 0x26, 0x2b, 0x38, 0x4a, 0x33, 0x15, 0x1c, 0x10, 0x07, 0x0a, 0x1d, 0x35, 0x57, 0x7b, 0x56,
    0x5c, 0x64, 0x8d, 0x5d, 0x35, 0x1b, 0x06, 0x06, 0x1b, 0x35, 0x5d, 0x8d, 0x64, 0x26, 0x21, 0x1a,
    0x16, 0x25, 0x25, 0x16, 0x1a, 0x21, 0x92, 0x21, 0x1a, 0x17, 0x24, 0x24, 0x17, 0x1a, 0x21, 0x00,
    0x00, 0x02, 0x00, 0x7a, 0x00, 0x00, 0x01, 0xc6, 0x03, 0x56, 0x00, 0x0b, 0x00, 0x17, 0x00, 0x00,
    0x25, 0x14, 0x06, 0x23, 0x22, 0x26, 0x35, 0x34, 0x36, 0x33, 0x32, 0x16, 0x03, 0x14, 0x06, 0x23,
    0x22, 0x26, 0x35, 0x34, 0x36, 0x33, 0x32, 0x16, 0x01, 0xc6, 0x56, 0x4e, 0x50, 0x56, 0x56, 0x50,
    0x53, 0x51, 0x02, 0x56, 0x4e, 0x50, 0x56, 0x56, 0x50, 0x53, 0x51, 0xa6, 0x55, 0x51, 0x51, 0x55,
    0x56, 0x4e, 0x4e, 0x01, 0xb6, 0x55, 0x51, 0x51, 0x55, 0x56, 0x4e, 0x4e, 0x00, 0x02, 0x00, 0x78,
    0xff, 0x5a, 0x01, 0xc4, 0x03, 0x54, 0x00, 0x0b, 0x00, 0x26, 0x00, 0x00, 0x01, 0x14, 0x06, 0x23,
    0x22, 0x26, 0x35, 0x34, 0x36, 0x33, 0x32, 0x16, 0x13, 0x14, 0x0e, 0x02, 0x23, 0x22, 0x26, 0x35,
    0x35, 0x3e, 0x03, 0x35, 0x34, 0x2e, 0x04, 0x35, 0x34, 0x36, 0x33, 0x32, 0x16, 0x01, 0xc2, 0x56,
    0x4e, 0x50, 0x56, 0x56, 0x50, 0x53, 0x51, 0x02, 0x16, 0x2d, 0x45, 0x2e, 0x11, 0x1f, 0x01, 0x0a,
    0x0c, 0x09, 0x14, 0x1d, 0x22, 0x1d, 0x14, 0x56, 0x50, 0x53, 0x51, 0x02, 0xb0, 0x55, 0x51, 0x51,
    0x55, 0x56, 0x4e, 0x4e, 0xfd, 0x9e, 0x31, 0x73, 0x63, 0x43, 0x18, 0x1a, 0x08, 0x0a, 0x15, 0x14,
    0x14, 0x0b, 0x0b, 0x0e, 0x10, 0x15, 0x23, 0x35, 0x28, 0x56, 0x4e, 0x4e, 0x00, 0x01, 0x00, 0xa2,
    0x00, 0x7e, 0x03, 0x00, 0x04, 0x32, 0x00, 0x23, 0x00, 0x00, 0x13, 0x2e, 0x03, 0x35, 0x34, 0x36,
    0x37, 0x01, 0x36, 0x36, 0x33, 0x32, 0x16, 0x17, 0x16, 0x16, 0x15, 0x14, 0x06, 0x07, 0x07, 0x17,
    0x16, 0x16, 0x15, 0x14, 0x06, 0x07, 0x06, 0x06, 0x23, 0x22, 0x26, 0x27, 0xde, 0x0a, 0x15, 0x12,
    0x0b, 0x24, 0x1a, 0x01, 0x3a, 0x17, 0x31, 0x1e, 0x14, 0x2a, 0x18, 0x17, 0x13, 0x23, 0x17, 0xf6,
    0xf4, 0x18, 0x24, 0x14, 0x1a, 0x17, 0x27, 0x14, 0x1d, 0x33, 0x18, 0x01, 0xf2, 0x0a, 0x16, 0x1a,
    0x1c, 0x10, 0x1d, 0x2f, 0x1a, 0x01, 0x38, 0x17, 0x25, 0x16, 0x18, 0x17, 0x27, 0x14, 0x1e, 0x33,
    0x17, 0xf4, 0xf0, 0x18, 0x31, 0x1d, 0x14, 0x2a, 0x1a, 0x17, 0x13, 0x24, 0x18, 0x00, 0x00, 0x02,
    0x00, 0xb4, 0x01, 0x22, 0x03, 0x92, 0x03, 0x9e, 0x00, 0x16, 0x00, 0x2d, 0x00, 0x00, 0x01, 0x22,
    0x2e, 0x02, 0x35, 0x34, 0x3e, 0x02, 0x33, 0x21, 0x32, 0x1e, 0x02, 0x15, 0x14, 0x0e, 0x02, 0x23,
    0x21, 0x03, 0x22, 0x2e, 0x02, 0x35, 0x34, 0x3e, 0x02, 0x33, 0x21, 0x32, 0x1e, 0x02, 0x15, 0x14,
    0x0e, 0x02, 0x23, 0x21, 0x01, 0x48, 0x1c, 0x34, 0x28, 0x18, 0x18, 0x28, 0x34, 0x1c, 0x01, 0xba,
    0x19, 0x34, 0x29, 0x1a, 0x1a, 0x29, 0x34, 0x19, 0xfe, 0x7e, 0x3c, 0x1c, 0x34, 0x28, 0x18, 0x18,
    0x28, 0x34, 0x1c, 0x01, 0xba, 0x19, 0x34, 0x29, 0x1a, 0x1a, 0x29, 0x34, 0x19, 0xfe, 0x7e, 0x02,
    0xaa, 0x07, 0x19, 0x2f, 0x29, 0x2c, 0x32, 0x18, 0x06, 0x06, 0x18, 0x32, 0x2c, 0x29, 0x2f, 0x19,
    0x07, 0xfe, 0x78, 0x07, 0x19, 0x2f, 0x29, 0x2c, 0x32, 0x18, 0x06, 0x06, 0x18, 0x32, 0x2c, 0x29,
    0x2f, 0x19, 0x07, 0x00, 0x00, 0x01, 0x00, 0xa2, 0x00, 0x7e, 0x03, 0x00, 0x04, 0x32, 0x00, 0x23,
    0x00, 0x00, 0x25, 0x06, 0x06, 0x23, 0x22, 0x26, 0x27, 0x26, 0x26, 0x35, 0x34, 0x36, 0x37, 0x37,
    0x27, 0x26, 0x26, 0x35, 0x34, 0x36, 0x37, 0x36, 0x36, 0x33, 0x32, 0x16, 0x17, 0x01, 0x16, 0x16,
    0x15, 0x14, 0x0e, 0x02, 0x07, 0x01, 0x8a, 0x18, 0x33, 0x1d, 0x14, 0x27, 0x17, 0x1a, 0x14, 0x24,
    0x18, 0xf4, 0xf6, 0x17, 0x23, 0x13, 0x17, 0x18, 0x2a, 0x14, 0x1e, 0x31, 0x17, 0x01, 0x3a, 0x1a,
    0x24, 0x0b, 0x12, 0x15, 0x0a, 0xba, 0x18, 0x24, 0x13, 0x17, 0x1a, 0x2a, 0x14, 0x1d, 0x31, 0x18,
    0xf0, 0xf4, 0x17, 0x33, 0x1e, 0x14, 0x27, 0x17, 0x18, 0x16, 0x25, 0x17, 0xfe, 0xc8, 0x1a, 0x2f,
    0x1d, 0x10, 0x1c, 0x1a, 0x16, 0x0a, 0x00, 0x02, 0x00, 0x68, 0x00, 0x00, 0x03, 0xf4, 0x05, 0x8c,
    0x00, 0x36, 0x00, 0x42, 0x00, 0x00, 0x01, 0x14, 0x0e, 0x04, 0x07, 0x06, 0x06, 0x15, 0x14, 0x06,
    0x23, 0x22, 0x2e, 0x02, 0x35, 0x34, 0x3e, 0x04, 0x35, 0x34, 0x2e, 0x02, 0x23, 0x22, 0x0e, 0x02,
    0x15, 0x14, 0x0e, 0x02, 0x23, 0x22, 0x26, 0x35, 0x34, 0x3e, 0x04, 0x33, 0x32, 0x1e, 0x02, 0x01,
    0x14, 0x06, 0x23, 0x22, 0x26, 0x35, 0x34, 0x36, 0x33, 0x32, 0x16, 0x03, 0xf4, 0x25, 0x3a, 0x47,
    0x43, 0x39, 0x0e, 0x06, 0x10, 0x43, 0x47, 0x2b, 0x37, 0x21, 0x0d, 0x2e, 0x46, 0x50, 0x46, 0x2e,
    0x23, 0x33, 0x37, 0x13, 0x32, 0x3c, 0x1f, 0x09, 0x1e, 0x2d, 0x35, 0x16, 0x44, 0x54, 0x0c, 0x22,
    0x3e, 0x64, 0x90, 0x64, 0x71, 0xab, 0x72, 0x3a, 0xfe, 0xdc, 0x56, 0x4e, 0x50, 0x56, 0x56, 0x50,
    0x53, 0x51, 0x03, 0xf0, 0x34, 0x56, 0x48, 0x3c, 0x32, 0x2b, 0x13, 0x08, 0x21, 0x15, 0x36, 0x46,
    0x1b, 0x28, 0x2e, 0x13, 0x44, 0x5c, 0x43, 0x32, 0x36, 0x43, 0x32, 0x34, 0x3c, 0x1d, 0x07, 0x1d,
    0x2c, 0x35, 0x18, 0x27, 0x37, 0x22, 0x10, 0x4b, 0x3b, 0x1a, 0x52, 0x5c, 0x5c, 0x4a, 0x2e, 0x3d,
    0x6d, 0x97, 0xfc, 0x5b, 0x55, 0x51, 0x51, 0x55, 0x56, 0x4e, 0x4e, 0x00, 0x00, 0x02, 0x00, 0x84,
    0xff, 0xa0, 0x05, 0x1a, 0x04, 0x36, 0x00, 0x76, 0x00, 0x8b, 0x00, 0x00, 0x01, 0x14, 0x1e, 0x02,
    0x33, 0x32, 0x3e, 0x02, 0x35, 0x34, 0x2e, 0x02, 0x23, 0x22, 0x0e, 0x02, 0x15, 0x14, 0x1e, 0x04,
    0x33, 0x3a, 0x02, 0x3e, 0x02, 0x37, 0x3e, 0x03, 0x37, 0x36, 0x36, 0x33, 0x32, 0x16, 0x15, 0x14,
    0x0e, 0x02, 0x07, 0x0e, 0x04, 0x22, 0x23, 0x22, 0x2e, 0x04, 0x35, 0x34, 0x3e, 0x04, 0x33, 0x32,
    0x1e, 0x02, 0x15, 0x14, 0x0e, 0x02, 0x23, 0x22, 0x26, 0x27, 0x26, 0x26, 0x35, 0x0e, 0x03, 0x23,
    0x22, 0x2e, 0x02, 0x35, 0x35, 0x34, 0x3e, 0x02, 0x33, 0x32, 0x1e, 0x02, 0x17, 0x34, 0x3e, 0x02,
    0x33, 0x32, 0x1e, 0x02, 0x15, 0x01, 0x14, 0x1e, 0x02, 0x33, 0x32, 0x3e, 0x02, 0x37, 0x34, 0x2e,
    0x02, 0x23, 0x22, 0x0e, 0x02, 0x15, 0x04, 0x1a, 0x02, 0x08, 0x11, 0x0f, 0x1c, 0x2f, 0x23, 0x14,
    0x37, 0x78, 0xbe, 0x87, 0x6c, 0xb7, 0x86, 0x4b, 0x3b, 0x5e, 0x73, 0x6f, 0x5e, 0x1b, 0x0d, 0x33,
    0x41, 0x48, 0x3f, 0x31, 0x0b, 0x17, 0x27, 0x23, 0x20, 0x11, 0x05, 0x08, 0x05, 0x11, 0x13, 0x1f,
    0x2d, 0x36, 0x16, 0x0c, 0x3c, 0x4d, 0x55, 0x4a, 0x38, 0x08, 0x46, 0x8f, 0x83, 0x72, 0x54, 0x30,
    0x15, 0x33, 0x56, 0x83, 0xb5, 0x78, 0xa9, 0xe0, 0x87, 0x38, 0x21, 0x51, 0x86, 0x64, 0x36, 0x4f,
    0x09, 0x02, 0x02, 0x08, 0x1a, 0x29, 0x39, 0x26, 0x2b, 0x56, 0x45, 0x2c, 0x2c, 0x45, 0x56, 0x2b,
    0x26, 0x39, 0x29, 0x1a, 0x08, 0x16, 0x22, 0x2b, 0x15, 0x28, 0x2f, 0x18, 0x07, 0xfe, 0x68, 0x03,
    0x0e, 0x1b, 0x18, 0x1f, 0x27, 0x16, 0x09, 0x01, 0x09, 0x17, 0x27, 0x1f, 0x18, 0x1b, 0x0e, 0x03,
    0x01, 0x00, 0x0b, 0x18, 0x13, 0x0c, 0x2c, 0x51, 0x6f, 0x44, 0x78, 0xb9, 0x7e, 0x41, 0x34, 0x75,
    0xbe, 0x89, 0x7d, 0xac, 0x70, 0x3d, 0x1d, 0x05, 0x01, 0x01, 0x02, 0x02, 0x03, 0x0f, 0x12, 0x12,
    0x06, 0x02, 0x02, 0x13, 0x0f, 0x17, 0x23, 0x19, 0x12, 0x07, 0x04, 0x04, 0x03, 0x02, 0x01, 0x13,
    0x32, 0x55, 0x83, 0xb6, 0x7b, 0x48, 0x8f, 0x82, 0x6f, 0x52, 0x2e, 0x55, 0x9a, 0xd7, 0x82, 0x58,
    0x99, 0x72, 0x41, 0x31, 0x35, 0x0c, 0x15, 0x09, 0x17, 0x2f, 0x26, 0x18, 0x1c, 0x42, 0x6a, 0x4e,
    0xe4, 0x4e, 0x6a, 0x42, 0x1c, 0x18, 0x26, 0x2f, 0x17, 0x27, 0x34, 0x1e, 0x0d, 0x1e, 0x33, 0x41,
    0x22, 0xfe, 0xcc, 0x15, 0x29, 0x20, 0x14, 0x1b, 0x39, 0x58, 0x3c, 0x19, 0x3f, 0x39, 0x27, 0x13,
    0x20, 0x28, 0x15, 0x00, 0x00, 0x02, 0x00, 0x4a, 0x00, 0x00, 0x04, 0x06, 0x05, 0x78, 0x00, 0x03,
    0x00, 0x33, 0x00, 0x00, 0x01, 0x21, 0x03, 0x23, 0x01, 0x16, 0x16, 0x15, 0x15, 0x14, 0x0e, 0x02,
    0x23, 0x22, 0x2e, 0x02, 0x35, 0x35, 0x21, 0x15, 0x14, 0x0e, 0x02, 0x23, 0x22, 0x2e, 0x02, 0x35,
    0x35, 0x34, 0x3e, 0x02, 0x37, 0x36, 0x12, 0x37, 0x3e, 0x03, 0x33, 0x33, 0x32, 0x1e, 0x02, 0x17,
    0x01, 0x8a, 0x01, 0x3e, 0x94, 0x16, 0x01, 0xe0, 0x02, 0x06, 0x05, 0x1a, 0x38, 0x33, 0x34, 0x38,
    0x1b, 0x05, 0xfe, 0x70, 0x05, 0x1b, 0x38, 0x34, 0x34, 0x38, 0x1a, 0x04, 0x01, 0x02, 0x02, 0x01,
    0x32, 0x6e, 0x32, 0x0a, 0x1c, 0x2e, 0x48, 0x38, 0x64, 0x37, 0x49, 0x2e, 0x1b, 0x0b, 0x02, 0x5c,
    0x02, 0x18, 0xfd, 0x86, 0x44, 0x8e, 0x42, 0x1e, 0x26, 0x47, 0x39, 0x22, 0x22, 0x38, 0x48, 0x26,
    0x8c, 0x8c, 0x26, 0x48, 0x38, 0x22, 0x22, 0x39, 0x47, 0x26, 0x1e, 0x1f, 0x46, 0x48, 0x47, 0x20,
    0xae, 0x01, 0x65, 0xaf, 0x25, 0x45, 0x33, 0x1f, 0x1f, 0x33, 0x45, 0x25, 0x00, 0x03, 0x00, 0x78,
    0x00, 0x00, 0x04, 0x12, 0x05, 0x78, 0x00, 0x26, 0x00, 0x37, 0x00, 0x48, 0x00, 0x00, 0x01, 0x32,
    0x1e, 0x02, 0x15, 0x14, 0x0e, 0x04, 0x07, 0x1e, 0x05, 0x15, 0x14, 0x0e, 0x02, 0x07, 0x06, 0x07,
    0x21, 0x22, 0x2e, 0x02, 0x35, 0x11, 0x34, 0x3e, 0x02, 0x33, 0x13, 0x11, 0x33, 0x36, 0x37, 0x3e,
    0x03, 0x35, 0x34, 0x2e, 0x02, 0x27, 0x26, 0x27, 0x03, 0x11, 0x33, 0x36, 0x37, 0x3e, 0x03, 0x35,
    0x34, 0x2e, 0x02, 0x27, 0x26, 0x27, 0x02, 0x32, 0x59, 0x9d, 0x75, 0x43, 0x19, 0x27, 0x2f, 0x2c,
    0x22, 0x07, 0x3c, 0x52, 0x37, 0x1f, 0x0f, 0x03, 0x26, 0x3e, 0x50, 0x29, 0x62, 0x7b, 0xfe, 0xb8,
    0x39, 0x3e, 0x1c, 0x05, 0x05, 0x1c, 0x3e, 0x39, 0x98, 0x92, 0x2f, 0x25, 0x10, 0x1e, 0x18, 0x0e,
    0x0f, 0x19, 0x20, 0x10, 0x27, 0x31, 0x8a, 0x80, 0x2b, 0x22, 0x0e, 0x1c, 0x16, 0x0d, 0x0e, 0x17,
    0x1d, 0x0f, 0x24, 0x2d, 0x05, 0x78, 0x2e, 0x5c, 0x89, 0x5b, 0x2f, 0x4d, 0x3e, 0x2e, 0x21, 0x13,
    0x02, 0x11, 0x35, 0x3f, 0x43, 0x3f, 0x35, 0x10, 0x4e, 0x77, 0x57, 0x3d, 0x13, 0x2e, 0x06, 0x27,
    0x41, 0x52, 0x2c, 0x03, 0xae, 0x2b, 0x52, 0x40, 0x27, 0xfc, 0xec, 0xfe, 0x88, 0x02, 0x14, 0x08,
    0x1a, 0x27, 0x33, 0x22, 0x25, 0x37, 0x29, 0x1d, 0x09, 0x15, 0x04, 0x02, 0x28, 0xfe, 0xac, 0x02,
    0x12, 0x07, 0x18, 0x21, 0x2e, 0x1e, 0x22, 0x33, 0x25, 0x1a, 0x09, 0x13, 0x04, 0x00, 0x00, 0x01,
    0x00, 0x5a, 0xff, 0xfa, 0x04, 0x16, 0x05, 0x80, 0x00, 0x43, 0x00, 0x00, 0x01, 0x32, 0x1e, 0x04,
    0x15, 0x14, 0x0e, 0x02, 0x23, 0x22, 0x2e, 0x02, 0x35, 0x34, 0x2e, 0x02, 0x23, 0x22, 0x06, 0x07,
    0x06, 0x07, 0x11, 0x16, 0x17, 0x16, 0x16, 0x33, 0x32, 0x3e, 0x02, 0x35, 0x34, 0x3e, 0x02, 0x33,
    0x32, 0x1e, 0x02, 0x15, 0x14, 0x0e, 0x02, 0x23, 0x22, 0x2e, 0x04, 0x35, 0x11, 0x34, 0x3e, 0x02,
    0x37, 0x36, 0x02, 0x2c, 0x6e, 0x9f, 0x6d, 0x42, 0x23, 0x0b, 0x05, 0x1e, 0x41, 0x3c, 0x14, 0x3c,
    0x38, 0x28, 0x0d, 0x22, 0x3c, 0x2f, 0x31, 0x35, 0x0c, 0x0e, 0x02, 0x02, 0x0e, 0x0c, 0x35, 0x31,
    0x2f, 0x3c, 0x22, 0x0d, 0x0a, 0x24, 0x46, 0x3c, 0x3c, 0x41, 0x1e, 0x05, 0x4a, 0x87, 0xbb, 0x70,
    0x12, 0x51, 0x64, 0x6a, 0x57, 0x38, 0x28, 0x41, 0x54, 0x2c, 0x66, 0x05, 0x80, 0x32, 0x50, 0x65,
    0x68, 0x60, 0x23, 0x0f, 0x2b, 0x28, 0x1c, 0x05, 0x15, 0x27, 0x23, 0x36, 0x56, 0x3c, 0x20, 0x29,
    0x18, 0x1d, 0x24, 0xfd, 0x86, 0x2c, 0x21, 0x1d, 0x30, 0x27, 0x42, 0x56, 0x2f, 0x0f, 0x20, 0x1b,
    0x12, 0x1b, 0x23, 0x21, 0x05, 0x6e, 0xad, 0x78, 0x3f, 0x06, 0x1a, 0x34, 0x5d, 0x8b, 0x64, 0x02,
    0x2e, 0x52, 0x7e, 0x5d, 0x3f, 0x15, 0x30, 0x00, 0x00, 0x02, 0x00, 0x86, 0x00, 0x00, 0x03, 0xf0,
    0x05, 0x78, 0x00, 0x19, 0x00, 0x2b, 0x00, 0x00, 0x01, 0x32, 0x1e, 0x02, 0x15, 0x11, 0x14, 0x0e,
    0x02, 0x07, 0x06, 0x07, 0x21, 0x22, 0x2e, 0x02, 0x35, 0x11, 0x34, 0x3e, 0x02, 0x33, 0x17, 0x11,
    0x33, 0x36, 0x37, 0x3e, 0x03, 0x35, 0x11, 0x34, 0x2e, 0x02, 0x27, 0x26, 0x27, 0x02, 0x40, 0x5b,
    0x9d, 0x75, 0x43, 0x22, 0x37, 0x46, 0x24, 0x56, 0x6d, 0xfe, 0xb4, 0x39, 0x3e, 0x1c, 0x05, 0x05,
    0x1c, 0x3e, 0x39, 0x98, 0x82, 0x2b, 0x22, 0x0e, 0x1c, 0x16, 0x0d, 0x0d, 0x16, 0x1c, 0x0e, 0x22,
    0x2b, 0x05, 0x78, 0x2e, 0x5b, 0x88, 0x5b, 0xfd, 0x94, 0x4e, 0x77, 0x57, 0x3d, 0x13, 0x2e, 0x06,
    0x27, 0x41, 0x52, 0x2c, 0x03, 0xae, 0x2b, 0x52, 0x40, 0x27, 0xea, 0xfc, 0x60, 0x02, 0x12, 0x07,
    0x18, 0x21, 0x2e, 0x1e, 0x02, 0x4e, 0x21, 0x33, 0x26, 0x1a, 0x08, 0x13, 0x03, 0x00, 0x00, 0x01,
    0x00, 0x8c, 0x00, 0x00, 0x03, 0x90, 0x05, 0x78, 0x00, 0x30, 0x00, 0x00, 0x01, 0x32, 0x1e, 0x02,
    0x15, 0x14, 0x0e, 0x02, 0x23, 0x23, 0x11, 0x33, 0x32, 0x1e, 0x02, 0x15, 0x14, 0x0e, 0x02, 0x23,
    0x23, 0x11, 0x33, 0x32, 0x1e, 0x02, 0x15, 0x14, 0x0e, 0x02, 0x23, 0x21, 0x22, 0x2e, 0x02, 0x35,
    0x11, 0x34, 0x3e, 0x02, 0x33, 0x02, 0xaa, 0x28, 0x52, 0x42, 0x2a, 0x2a, 0x42, 0x52, 0x28, 0xee,
    0x7e, 0x28, 0x51, 0x3f, 0x28, 0x28, 0x3f, 0x51, 0x28, 0x7e, 0xee, 0x28, 0x52, 0x42, 0x2a, 0x2b,
    0x42, 0x52, 0x27, 0xfe, 0x78, 0x38, 0x3d, 0x1c, 0x05, 0x05, 0x1c, 0x3d, 0x38, 0x05, 0x78, 0x06,
    0x1c, 0x39, 0x33, 0x33, 0x39, 0x1c, 0x06, 0xfe, 0xf0, 0x05, 0x1b, 0x37, 0x31, 0x32, 0x36, 0x1b,
    0x05, 0xfe, 0xe0, 0x06, 0x1b, 0x39, 0x32, 0x34, 0x3a, 0x1c, 0x06, 0x28, 0x41, 0x52, 0x2b, 0x03,
    0xac, 0x2b, 0x52, 0x41, 0x28, 0x00, 0x00, 0x01, 0x00, 0x8c, 0x00, 0x00, 0x03, 0x90, 0x05, 0x78,
    0x00, 0x29, 0x00, 0x00, 0x01, 0x32, 0x1e, 0x02, 0x15, 0x14, 0x0e, 0x02, 0x23, 0x23, 0x11, 0x33,
    0x32, 0x1e, 0x02, 0x15, 0x14, 0x0e, 0x02, 0x23, 0x23, 0x11, 0x14, 0x0e, 0x02, 0x23, 0x22, 0x2e,
    0x02, 0x35, 0x11, 0x34, 0x3e, 0x02, 0x33, 0x02, 0xaa, 0x28, 0x52, 0x42, 0x2a, 0x2a, 0x42, 0x52,
    0x28, 0xee, 0x7e, 0x27, 0x52, 0x42, 0x2b, 0x2a, 0x42, 0x52, 0x28, 0x7e, 0x05, 0x1d, 0x3e, 0x38,
    0x39, 0x3e, 0x1c, 0x05, 0x05, 0x1c, 0x3e, 0x39, 0x05, 0x78, 0x08, 0x1e, 0x3b, 0x33, 0x33, 0x3b,
    0x1e, 0x08, 0xfe, 0xfc, 0x06, 0x1c, 0x3c, 0x36, 0x36, 0x3c, 0x1c, 0x06, 0xfe, 0xc2, 0x2c, 0x52,
    0x41, 0x27, 0x27, 0x41, 0x52, 0x2c, 0x03, 0xac, 0x2b, 0x52, 0x41, 0x28, 0x00, 0x01, 0x00, 0x6a,
    0xff, 0xf8, 0x04, 0x30, 0x05, 0x80, 0x00, 0x54, 0x00, 0x00, 0x25, 0x14, 0x0e, 0x02, 0x23, 0x22,
    0x2e, 0x02, 0x35, 0x35, 0x06, 0x06, 0x23, 0x22, 0x2e, 0x04, 0x35, 0x11, 0x34, 0x3e, 0x02, 0x37,
    0x36, 0x37, 0x32, 0x1e, 0x04, 0x15, 0x14, 0x0e, 0x02, 0x23, 0x22, 0x2e, 0x02, 0x35, 0x34, 0x2e,
    0x02, 0x23, 0x22, 0x06, 0x07, 0x06, 0x07, 0x11, 0x14, 0x1e, 0x02, 0x33, 0x32, 0x3e, 0x02, 0x37,
    0x23, 0x26, 0x27, 0x26, 0x26, 0x35, 0x34, 0x36, 0x37, 0x36, 0x37, 0x21, 0x32, 0x1e, 0x02, 0x15,
    0x04, 0x30, 0x05, 0x15, 0x28, 0x22, 0x26, 0x2c, 0x17, 0x07, 0x30, 0x95, 0x6d, 0x13, 0x50, 0x64,
    0x6a, 0x57, 0x38, 0x28, 0x41, 0x54, 0x2c, 0x66, 0x83, 0x6f, 0x9e, 0x6e, 0x42, 0x24, 0x0b, 0x05,
    0x1e, 0x41, 0x3c, 0x15, 0x3d, 0x38, 0x28, 0x0d, 0x22, 0x3c, 0x2f, 0x31, 0x35, 0x0c, 0x0e, 0x02,
    0x17, 0x2a, 0x39, 0x22, 0x28, 0x41, 0x34, 0x29, 0x10, 0x60, 0x1d, 0x16, 0x14, 0x1f, 0x1f, 0x14,
    0x16, 0x1d, 0x01, 0x04, 0x07, 0x1f, 0x21, 0x19, 0x5c, 0x0d, 0x22, 0x1f, 0x16, 0x15, 0x1f, 0x22,
    0x0e, 0x3c, 0x47, 0x59, 0x06, 0x1a, 0x34, 0x5d, 0x8b, 0x64, 0x02, 0x30, 0x52, 0x7e, 0x5d, 0x3f,
    0x15, 0x30, 0x07, 0x32, 0x50, 0x65, 0x68, 0x60, 0x23, 0x0f, 0x2b, 0x27, 0x1b, 0x05, 0x14, 0x27,
    0x22, 0x36, 0x55, 0x3c, 0x1f, 0x28, 0x18, 0x1c, 0x24, 0xfd, 0x80, 0x20, 0x38, 0x2a, 0x18, 0x23,
    0x3b, 0x4b, 0x29, 0x03, 0x0c, 0x0a, 0x28, 0x23, 0x26, 0x29, 0x0a, 0x0b, 0x02, 0x05, 0x18, 0x2f,
    0x2a, 0x00, 0x00, 0x01, 0x00, 0x92, 0x00, 0x00, 0x04, 0x04, 0x05, 0x78, 0x00, 0x2f, 0x00, 0x00,
    0x13, 0x34, 0x3e, 0x02, 0x33, 0x32, 0x1e, 0x02, 0x15, 0x11, 0x21, 0x11, 0x34, 0x3e, 0x02, 0x33,
    0x32, 0x1e, 0x02, 0x15, 0x11, 0x14, 0x0e, 0x02, 0x23, 0x22, 0x2e, 0x02, 0x35, 0x11, 0x21, 0x11,
    0x14, 0x0e, 0x02, 0x23, 0x22, 0x2e, 0x02, 0x35, 0x92, 0x08, 0x1f, 0x3c, 0x35, 0x34, 0x3d, 0x1f,
    0x08, 0x01, 0x12, 0x08, 0x1f, 0x3c, 0x35, 0x34, 0x3d, 0x1f, 0x08, 0x08, 0x1f, 0x3d, 0x34, 0x35,
    0x3c, 0x1f, 0x08, 0xfe, 0xee, 0x08, 0x1f, 0x3d, 0x34, 0x35, 0x3c, 0x1f, 0x08, 0x04, 0x92, 0x2b,
    0x52, 0x41, 0x28, 0x28, 0x41, 0x52, 0x2b, 0xfe, 0xc6, 0x01, 0x3a, 0x2b, 0x52, 0x41, 0x28, 0x28,
    0x41, 0x52, 0x2b, 0xfc, 0x54, 0x2c, 0x52, 0x41, 0x27, 0x27, 0x41, 0x52, 0x2c, 0x01, 0x4c, 0xfe,
    0xb4, 0x2c, 0x52, 0x41, 0x27, 0x27, 0x41, 0x52, 0x2c, 0x00, 0x00, 0x01, 0x00, 0xa8, 0x00, 0x00,
    0x01, 0xf4, 0x05, 0x78, 0x00, 0x15, 0x00, 0x00, 0x13, 0x34, 0x3e, 0x02, 0x33, 0x32, 0x1e, 0x02,
    0x15, 0x11, 0x14, 0x0e, 0x02, 0x23, 0x22, 0x2e, 0x02, 0x35, 0xa8, 0x09, 0x21, 0x42, 0x3a, 0x3a,
    0x42, 0x21, 0x09, 0x08, 0x21, 0x43, 0x3a, 0x3a, 0x42, 0x21, 0x09, 0x04, 0x92, 0x2b, 0x52, 0x41,
    0x28, 0x28, 0x41, 0x52, 0x2b, 0xfc, 0x54, 0x2c, 0x52, 0x41, 0x27, 0x27, 0x41, 0x52, 0x2c, 0x00,
    0x00, 0x01, 0x00, 0x2e, 0xff, 0xf8, 0x03, 0xd4, 0x05, 0x78, 0x00, 0x34, 0x00, 0x00, 0x05, 0x22,
    0x2e, 0x04, 0x35, 0x34, 0x3e, 0x02, 0x33, 0x32, 0x1e, 0x02, 0x15, 0x14, 0x1e, 0x02, 0x33, 0x32,
    0x36, 0x37, 0x36, 0x37, 0x11, 0x21, 0x22, 0x2e, 0x02, 0x35, 0x34, 0x3e, 0x02, 0x33, 0x21, 0x32,
    0x1e, 0x02, 0x15, 0x11, 0x14, 0x0e, 0x04, 0x02, 0x18, 0x6e, 0x9f, 0x6d, 0x42, 0x23, 0x0b, 0x05,
    0x1e, 0x41, 0x3c, 0x14, 0x3c, 0x38, 0x28, 0x0d, 0x22, 0x3c, 0x2f, 0x31, 0x35, 0x0c, 0x0e, 0x02,
    0xfe, 0xfa, 0x28, 0x50, 0x41, 0x29, 0x29, 0x41, 0x50, 0x28, 0x01, 0x98, 0x39, 0x43, 0x22, 0x0a,
    0x3c, 0x5b, 0x6d, 0x63, 0x4a, 0x08, 0x32, 0x50, 0x65, 0x68, 0x60, 0x23, 0x0f, 0x2b, 0x28, 0x1c,
    0x05, 0x15, 0x28, 0x22, 0x36, 0x56, 0x3c, 0x20, 0x28, 0x19, 0x1c, 0x25, 0x02, 0xde, 0x08, 0x1c,
    0x38, 0x30, 0x31, 0x3a, 0x1d, 0x08, 0x28, 0x41, 0x52, 0x2b, 0xfd, 0x08, 0x68, 0x90, 0x5d, 0x32,
    0x17, 0x04, 0x00, 0x01, 0x00, 0x8c, 0xff, 0xf8, 0x04, 0x28, 0x05, 0x78, 0x00, 0x4b, 0x00, 0x00,
    0x13, 0x34, 0x3e, 0x02, 0x33, 0x32, 0x1e, 0x02, 0x15, 0x11, 0x33, 0x36, 0x37, 0x3e, 0x03, 0x37,
    0x3e, 0x03, 0x33, 0x32, 0x1e, 0x02, 0x15, 0x14, 0x06, 0x07, 0x03, 0x16, 0x17, 0x1e, 0x03, 0x15,
    0x15, 0x14, 0x16, 0x17, 0x16, 0x16, 0x15, 0x14, 0x0e, 0x02, 0x23, 0x22, 0x2e, 0x02, 0x35, 0x35,
    0x34, 0x2e, 0x02, 0x23, 0x23, 0x11, 0x14, 0x0e, 0x02, 0x23, 0x22, 0x2e, 0x02, 0x35, 0x8c, 0x08,
    0x1e, 0x3c, 0x34, 0x35, 0x3e, 0x1f, 0x08, 0x72, 0x21, 0x21, 0x0e, 0x1e, 0x1d, 0x1b, 0x0c, 0x0c,
    0x1b, 0x24, 0x2d, 0x1e, 0x1d, 0x38, 0x2c, 0x1b, 0x11, 0x0f, 0xb4, 0x34, 0x28, 0x11, 0x21, 0x1a,
    0x10, 0x10, 0x08, 0x14, 0x06, 0x1b, 0x2d, 0x3b, 0x1f, 0x21, 0x44, 0x38, 0x23, 0x0c, 0x22, 0x3c,
    0x30, 0x70, 0x08, 0x1f, 0x3e, 0x35, 0x34, 0x3c, 0x1e, 0x08, 0x04, 0x94, 0x2b, 0x52, 0x40, 0x27,
    0x27, 0x40, 0x52, 0x2b, 0xfe, 0x98, 0x56, 0x53, 0x23, 0x4b, 0x48, 0x43, 0x1a, 0x1c, 0x34, 0x28,
    0x18, 0x12, 0x24, 0x34, 0x22, 0x1a, 0x47, 0x23, 0xfe, 0x56, 0x13, 0x2b, 0x12, 0x33, 0x44, 0x57,
    0x36, 0x8e, 0x0b, 0x0e, 0x09, 0x17, 0x22, 0x0b, 0x24, 0x30, 0x1e, 0x0c, 0x14, 0x29, 0x3e, 0x29,
    0xce, 0x2b, 0x4b, 0x37, 0x1f, 0xfe, 0xb0, 0x2c, 0x52, 0x41, 0x27, 0x27, 0x41, 0x52, 0x2c, 0x00,
    0x00, 0x01, 0x00, 0xb2, 0x00, 0x00, 0x03, 0x8a, 0x05, 0x78, 0x00, 0x1c, 0x00, 0x00, 0x13, 0x34,
    0x3e, 0x02, 0x33, 0x32, 0x1e, 0x02, 0x15, 0x11, 0x33, 0x32, 0x1e, 0x02, 0x15, 0x14, 0x0e, 0x02,
    0x23, 0x21, 0x22, 0x2e, 0x02, 0x35, 0xb2, 0x08, 0x1f, 0x3c, 0x35, 0x39, 0x40, 0x1e, 0x07, 0xc4,
    0x29, 0x50, 0x3f, 0x26, 0x26, 0x3f, 0x50, 0x29, 0xfe, 0xe4, 0x35, 0x52, 0x39, 0x1e, 0x04, 0x92,
    0x2b, 0x52, 0x41, 0x28, 0x28, 0x41, 0x52, 0x2b, 0xfc, 0x94, 0x08, 0x1e, 0x3a, 0x32, 0x33, 0x3b,
    0x1e, 0x08, 0x08, 0x1e, 0x3b, 0x33, 0x00, 0x01, 0x00, 0x9c, 0x00, 0x00, 0x05, 0x96, 0x05, 0x78,
    0x00, 0x43, 0x00, 0x00, 0x01, 0x22, 0x2e, 0x02, 0x27, 0x03, 0x23, 0x11, 0x14, 0x0e, 0x02, 0x23,
    0x22, 0x2e, 0x02, 0x35, 0x11, 0x34, 0x3e, 0x02, 0x33, 0x33, 0x32, 0x1e, 0x04, 0x17, 0x17, 0x33,
    0x37, 0x3e, 0x05, 0x33, 0x33, 0x32, 0x1e, 0x02, 0x15, 0x11, 0x14, 0x0e, 0x02, 0x23, 0x22, 0x2e,
    0x02, 0x35, 0x11, 0x23, 0x03, 0x0e, 0x03, 0x23, 0x03, 0x10, 0x1d, 0x29, 0x1e, 0x15, 0x07, 0xbe,
    0x1a, 0x08, 0x1b, 0x35, 0x2e, 0x34, 0x3c, 0x1e, 0x08, 0x05, 0x1c, 0x3d, 0x38, 0x88, 0x22, 0x2f,
    0x28, 0x27, 0x2f, 0x3e, 0x2d, 0x1a, 0x18, 0x20, 0x29, 0x3a, 0x2c, 0x23, 0x27, 0x2e, 0x21, 0x92,
    0x38, 0x3d, 0x1c, 0x05, 0x08, 0x1e, 0x3c, 0x34, 0x2e, 0x35, 0x1b, 0x08, 0x1c, 0xbc, 0x08, 0x14,
    0x1e, 0x28, 0x1c, 0x01, 0x44, 0x16, 0x22, 0x2a, 0x14, 0x02, 0x24, 0xfc, 0xbe, 0x20, 0x38, 0x2b,
    0x19, 0x19, 0x2b, 0x38, 0x20, 0x03, 0xf8, 0x2b, 0x52, 0x40, 0x27, 0x05, 0x1d, 0x40, 0x75, 0xb5,
    0x84, 0x50, 0x64, 0x7e, 0xae, 0x71, 0x3d, 0x1d, 0x05, 0x27, 0x40, 0x52, 0x2b, 0xfc, 0x08, 0x20,
    0x38, 0x2b, 0x19, 0x19, 0x2b, 0x38, 0x20, 0x03, 0x42, 0xfd, 0xdc, 0x14, 0x2a, 0x22, 0x16, 0x00,
    0x00, 0x01, 0x00, 0x94, 0x00, 0x00, 0x04, 0xc6, 0x05, 0x78, 0x00, 0x31, 0x00, 0x00, 0x01, 0x33,
    0x11, 0x34, 0x3e, 0x02, 0x33, 0x32, 0x1e, 0x02, 0x15, 0x11, 0x14, 0x0e, 0x02, 0x23, 0x23, 0x22,
    0x2e, 0x02, 0x27, 0x01, 0x23, 0x11, 0x14, 0x0e, 0x02, 0x23, 0x22, 0x2e, 0x02, 0x35, 0x11, 0x34,
    0x3e, 0x02, 0x33, 0x33, 0x32, 0x16, 0x17, 0x16, 0x17, 0x03, 0x94, 0x18, 0x08, 0x1b, 0x35, 0x2e,
    0x33, 0x3b, 0x1e, 0x08, 0x05, 0x1b, 0x3d, 0x37, 0x84, 0x2f, 0x3f, 0x2a, 0x19, 0x07, 0xfe, 0xd2,
    0x18, 0x08, 0x1b, 0x35, 0x2e, 0x34, 0x3c, 0x1e, 0x08, 0x05, 0x1c, 0x3d, 0x38, 0x84, 0x32, 0x3f,
    0x14, 0x16, 0x0d, 0x01, 0x9e, 0x03, 0x3e, 0x20, 0x39, 0x2a, 0x19, 0x19, 0x2a, 0x39, 0x20, 0xfc,
    0x0a, 0x2c, 0x52, 0x41, 0x27, 0x25, 0x35, 0x3a, 0x14, 0x03, 0x32, 0xfc, 0xc2, 0x20, 0x39, 0x2a,
    0x19, 0x19, 0x2a, 0x39, 0x20, 0x03, 0xf6, 0x2b, 0x53, 0x41, 0x27, 0x27, 0x17, 0x1b, 0x23, 0x00,
    0x00, 0x02, 0x00, 0x68, 0xff, 0xf8, 0x04, 0x02, 0x05, 0x80, 0x00, 0x1f, 0x00, 0x35, 0x00, 0x00,
    0x13, 0x34, 0x3e, 0x04, 0x33, 0x33, 0x32, 0x1e, 0x04, 0x15, 0x11, 0x14, 0x0e, 0x04, 0x23, 0x23,
    0x22, 0x2e, 0x04, 0x35, 0x05, 0x16, 0x17, 0x16, 0x16, 0x33, 0x32, 0x36, 0x37, 0x36, 0x37, 0x11,
    0x26, 0x27, 0x26, 0x26, 0x23, 0x22, 0x06, 0x07, 0x06, 0x07, 0x68, 0x38, 0x57, 0x69, 0x63, 0x50,
    0x13, 0x22, 0x13, 0x50, 0x62, 0x69, 0x55, 0x37, 0x37, 0x55, 0x69, 0x62, 0x50, 0x13, 0x22, 0x13,
    0x50, 0x63, 0x69, 0x57, 0x38, 0x01, 0x4c, 0x02, 0x0f, 0x0d, 0x35, 0x31, 0x30, 0x34, 0x0d, 0x0e,
    0x03, 0x03, 0x0e, 0x0d, 0x34, 0x30, 0x31, 0x35, 0x0d, 0x0f, 0x02, 0x03, 0xec, 0x60, 0x87, 0x5a,
    0x33, 0x1a, 0x06, 0x06, 0x1a, 0x33, 0x5a, 0x87, 0x60, 0xfd, 0xaa, 0x63, 0x8a, 0x5c, 0x35, 0x1a,
    0x06, 0x06, 0x1a, 0x35, 0x5c, 0x8a, 0x63, 0x26, 0x25, 0x1c, 0x19, 0x28, 0x28, 0x19, 0x1c, 0x25,
    0x02, 0x8c, 0x24, 0x1d, 0x18, 0x29, 0x29, 0x18, 0x1d, 0x24, 0x00, 0x02, 0x00, 0x8e, 0x00, 0x00,
    0x04, 0x2a, 0x05, 0x78, 0x00, 0x1e, 0x00, 0x2f, 0x00, 0x00, 0x01, 0x11, 0x14, 0x0e, 0x02, 0x23,
    0x22, 0x2e, 0x02, 0x35, 0x11, 0x34, 0x3e, 0x02, 0x33, 0x21, 0x16, 0x17, 0x1e, 0x03, 0x15, 0x14,
    0x0e, 0x02, 0x23, 0x37, 0x36, 0x37, 0x3e, 0x03, 0x35, 0x34, 0x2e, 0x02, 0x27, 0x26, 0x27, 0x23,
    0x11, 0x01, 0xbe, 0x05, 0x1d, 0x3e, 0x3a, 0x38, 0x3d, 0x1c, 0x05, 0x05, 0x1c, 0x3d, 0x38, 0x01,
    0x4a, 0x7c, 0x62, 0x2a, 0x4f, 0x3f, 0x26, 0x43, 0x7f, 0xb7, 0x73, 0x08, 0x32, 0x28, 0x11, 0x20,
    0x1a, 0x0f, 0x0f, 0x18, 0x1e, 0x10, 0x26, 0x2f, 0x92, 0x02, 0x28, 0xfe, 0xbc, 0x2b, 0x52, 0x40,
    0x27, 0x27, 0x40, 0x52, 0x2b, 0x03, 0xb0, 0x2b, 0x52, 0x40, 0x27, 0x06, 0x2e, 0x14, 0x3c, 0x57,
    0x77, 0x4e, 0x6b, 0xa1, 0x6d, 0x37, 0xee, 0x03, 0x15, 0x09, 0x1c, 0x29, 0x38, 0x24, 0x22, 0x33,
    0x25, 0x1a, 0x09, 0x13, 0x04, 0xfe, 0x8a, 0x00, 0x00, 0x02, 0x00, 0x7a, 0xff, 0x92, 0x04, 0x5a,
    0x05, 0x80, 0x00, 0x2e, 0x00, 0x44, 0x00, 0x00, 0x13, 0x34, 0x3e, 0x04, 0x33, 0x33, 0x32, 0x1e,
    0x04, 0x15, 0x11, 0x14, 0x06, 0x07, 0x17, 0x16, 0x16, 0x15, 0x14, 0x06, 0x07, 0x06, 0x06, 0x23,
    0x22, 0x26, 0x27, 0x27, 0x0e, 0x03, 0x23, 0x23, 0x22, 0x2e, 0x04, 0x35, 0x05, 0x16, 0x17, 0x16,
    0x16, 0x33, 0x32, 0x36, 0x37, 0x36, 0x37, 0x11, 0x26, 0x27, 0x26, 0x26, 0x23, 0x22, 0x06, 0x07,
    0x06, 0x07, 0x7a, 0x38, 0x57, 0x69, 0x63, 0x50, 0x13, 0x22, 0x13, 0x4f, 0x63, 0x68, 0x56, 0x37,
    0x23, 0x1d, 0x64, 0x0e, 0x14, 0x0e, 0x14, 0x14, 0x27, 0x11, 0x23, 0x24, 0x0b, 0x70, 0x26, 0x41,
    0x35, 0x28, 0x0c, 0x22, 0x13, 0x50, 0x63, 0x69, 0x57, 0x38, 0x01, 0x4c, 0x02, 0x0f, 0x0d, 0x35,
    0x31, 0x30, 0x34, 0x0d, 0x0e, 0x03, 0x03, 0x0e, 0x0d, 0x34, 0x30, 0x31, 0x35, 0x0d, 0x0f, 0x02,
    0x03, 0xea, 0x61, 0x88, 0x5b, 0x33, 0x19, 0x06, 0x06, 0x19, 0x33, 0x5b, 0x88, 0x61, 0xfd, 0xac,
    0x4b, 0x76, 0x2f, 0x5a, 0x0e, 0x1f, 0x23, 0x0f, 0x29, 0x14, 0x12, 0x0c, 0x13, 0x0b, 0x6a, 0x0d,
    0x0e, 0x06, 0x01, 0x06, 0x1a, 0x35, 0x5c, 0x8a, 0x63, 0x26, 0x25, 0x1c, 0x19, 0x28, 0x28, 0x19,
    0x1c, 0x25, 0x02, 0x8c, 0x24, 0x1c, 0x18, 0x28, 0x28, 0x18, 0x1c, 0x24, 0x00, 0x02, 0x00, 0x8e,
    0xff, 0xf8, 0x04, 0x26, 0x05, 0x78, 0x00, 0x3c, 0x00, 0x4d, 0x00, 0x00, 0x13, 0x34, 0x3e, 0x02,
    0x33, 0x21, 0x16, 0x17, 0x1e, 0x03, 0x15, 0x14, 0x0e, 0x04, 0x07, 0x1e, 0x03, 0x15, 0x15, 0x14,
    0x16, 0x17, 0x16, 0x16, 0x15, 0x14, 0x0e, 0x02, 0x23, 0x22, 0x2e, 0x02, 0x35, 0x35, 0x34, 0x2e,
    0x02, 0x23, 0x23, 0x11, 0x14, 0x0e, 0x02, 0x23, 0x22, 0x2e, 0x02, 0x35, 0x01, 0x36, 0x37, 0x3e,
    0x03, 0x35, 0x34, 0x2e, 0x02, 0x27, 0x26, 0x27, 0x23, 0x11, 0x8e, 0x05, 0x1c, 0x3d, 0x38, 0x01,
    0x4a, 0x7b, 0x61, 0x29, 0x4f, 0x3e, 0x26, 0x06, 0x14, 0x22, 0x38, 0x51, 0x37, 0x23, 0x48, 0x3a,
    0x25, 0x0c, 0x06, 0x18, 0x08, 0x1c, 0x2d, 0x39, 0x1e, 0x21, 0x44, 0x38, 0x23, 0x0c, 0x22, 0x3c,
    0x30, 0x70, 0x05, 0x1c, 0x3e, 0x39, 0x38, 0x3d, 0x1c, 0x05, 0x01, 0xb6, 0x32, 0x28, 0x11, 0x20,
    0x1a, 0x0f, 0x0f, 0x18, 0x1f, 0x10, 0x26, 0x30, 0x90, 0x04, 0x94, 0x2b, 0x52, 0x40, 0x27, 0x06,
    0x2e, 0x14, 0x3b, 0x57, 0x76, 0x4e, 0x10, 0x35, 0x3f, 0x44, 0x3e, 0x34, 0x10, 0x0e, 0x2d, 0x46,
    0x62, 0x41, 0x8e, 0x0c, 0x10, 0x06, 0x18, 0x23, 0x0b, 0x23, 0x30, 0x1e, 0x0d, 0x15, 0x28, 0x3c,
    0x27, 0xd4, 0x2c, 0x4a, 0x36, 0x1e, 0xfe, 0xb2, 0x2c, 0x54, 0x41, 0x27, 0x27, 0x41, 0x54, 0x2c,
    0x02, 0x2e, 0x02, 0x16, 0x09, 0x1c, 0x2a, 0x38, 0x25, 0x21, 0x33, 0x26, 0x1a, 0x08, 0x13, 0x03,
    0xfe, 0x8a, 0x00, 0x01, 0x00, 0x58, 0xff, 0xf8, 0x03, 0xb6, 0x05, 0x80, 0x00, 0x53, 0x00, 0x00,
    0x01, 0x1e, 0x07, 0x17, 0x15, 0x14, 0x0e, 0x04, 0x07, 0x23, 0x22, 0x2e, 0x04, 0x35, 0x34, 0x3e,
    0x02, 0x33, 0x32, 0x1e, 0x02, 0x17, 0x16, 0x16, 0x33, 0x3e, 0x03, 0x35, 0x34, 0x2e, 0x06, 0x27,
    0x35, 0x3e, 0x03, 0x33, 0x33, 0x32, 0x1e, 0x04, 0x15, 0x14, 0x0e, 0x02, 0x23, 0x22, 0x2e, 0x02,
    0x35, 0x34, 0x26, 0x23, 0x22, 0x0e, 0x02, 0x01, 0x8e, 0x01, 0x2f, 0x4d, 0x62, 0x67, 0x62, 0x4e,
    0x30, 0x02, 0x28, 0x42, 0x58, 0x61, 0x63, 0x2c, 0x0a, 0x55, 0x80, 0x5c, 0x3d, 0x24, 0x10, 0x18,
    0x27, 0x33, 0x1c, 0x1a, 0x37, 0x2d, 0x1d, 0x01, 0x02, 0x40, 0x3c, 0x1e, 0x33, 0x24, 0x15, 0x2f,
    0x4c, 0x62, 0x66, 0x61, 0x4e, 0x2f, 0x01, 0x01, 0x37, 0x6b, 0x9c, 0x65, 0x1a, 0x5c, 0x80, 0x55,
    0x31, 0x18, 0x06, 0x17, 0x27, 0x35, 0x1f, 0x18, 0x30, 0x26, 0x18, 0x3b, 0x39, 0x1b, 0x33, 0x27,
    0x17, 0x04, 0x18, 0x2a, 0x43, 0x3c, 0x39, 0x3f, 0x4a, 0x5e, 0x76, 0x4b, 0x08, 0x52, 0x7a, 0x58,
    0x39, 0x22, 0x0e, 0x01, 0x22, 0x39, 0x4a, 0x4f, 0x4e, 0x22, 0x23, 0x34, 0x21, 0x10, 0x10, 0x21,
    0x33, 0x22, 0x4b, 0x37, 0x01, 0x0d, 0x21, 0x37, 0x2a, 0x34, 0x54, 0x48, 0x41, 0x41, 0x47, 0x54,
    0x66, 0x41, 0x10, 0x6b, 0x8e, 0x54, 0x23, 0x28, 0x3e, 0x4e, 0x4c, 0x42, 0x14, 0x1e, 0x31, 0x22,
    0x13, 0x13, 0x1e, 0x27, 0x14, 0x52, 0x40, 0x06, 0x1b, 0x38, 0x00, 0x01, 0x00, 0x0a, 0x00, 0x00,
    0x03, 0xce, 0x05, 0x78, 0x00, 0x22, 0x00, 0x00, 0x01, 0x32, 0x1e, 0x02, 0x15, 0x14, 0x0e, 0x02,
    0x23, 0x23, 0x11, 0x14, 0x0e, 0x02, 0x23, 0x22, 0x2e, 0x02, 0x35, 0x11, 0x23, 0x22, 0x2e, 0x02,
    0x35, 0x34, 0x3e, 0x02, 0x33, 0x02, 0xea, 0x28, 0x51, 0x42, 0x29, 0x29, 0x42, 0x51, 0x28, 0x66,
    0x05, 0x1c, 0x3e, 0x39, 0x39, 0x3e, 0x1c, 0x05, 0x66, 0x28, 0x51, 0x42, 0x29, 0x29, 0x42, 0x51,
    0x28, 0x05, 0x78, 0x06, 0x1c, 0x39, 0x33, 0x32, 0x39, 0x1c, 0x07, 0xfc, 0x88, 0x2b, 0x52, 0x40,
    0x27, 0x27, 0x40, 0x52, 0x2b, 0x03, 0x78, 0x07, 0x1c, 0x39, 0x32, 0x33, 0x39, 0x1c, 0x06, 0x00,
    0x00, 0x01, 0x00, 0x8e, 0xff, 0xf8, 0x04, 0x2e, 0x05, 0x78, 0x00, 0x2f, 0x00, 0x00, 0x13, 0x34,
    0x3e, 0x02, 0x33, 0x32, 0x1e, 0x02, 0x15, 0x11, 0x16, 0x17, 0x1e, 0x03, 0x33, 0x32, 0x3e, 0x02,
    0x37, 0x36, 0x37, 0x11, 0x34, 0x3e, 0x02, 0x33, 0x32, 0x1e, 0x02, 0x15, 0x11, 0x14, 0x0e, 0x02,
    0x23, 0x22, 0x2e, 0x02, 0x35, 0x8e, 0x09, 0x21, 0x42, 0x3a, 0x3a, 0x43, 0x21, 0x08, 0x03, 0x0f,
    0x06, 0x14, 0x1b, 0x25, 0x18, 0x18, 0x26, 0x1b, 0x14, 0x06, 0x0f, 0x02, 0x08, 0x21, 0x42, 0x3b,
    0x3a, 0x42, 0x21, 0x09, 0x43, 0x7b, 0xab, 0x67, 0x68, 0xaa, 0x7b, 0x43, 0x04, 0x94, 0x2b, 0x52,
    0x40, 0x27, 0x27, 0x40, 0x52, 0x2b, 0xfc, 0xec, 0x2c, 0x22, 0x0f, 0x1c, 0x16, 0x0d, 0x0d, 0x16,
    0x1c, 0x0f, 0x22, 0x2c, 0x03, 0x14, 0x2b, 0x52, 0x40, 0x27, 0x27, 0x40, 0x52, 0x2b, 0xfd, 0x06,
    0x68, 0x9c, 0x69, 0x35, 0x37, 0x6a, 0x9c, 0x65, 0x00, 0x01, 0x00, 0x10, 0x00, 0x00, 0x03, 0xe0,
    0x05, 0x78, 0x00, 0x3a, 0x00, 0x00, 0x01, 0x32, 0x1e, 0x02, 0x15, 0x14, 0x06, 0x07, 0x06, 0x07,
    0x02, 0x02, 0x03, 0x06, 0x07, 0x06, 0x06, 0x23, 0x23, 0x22, 0x26, 0x27, 0x26, 0x27, 0x01, 0x26,
    0x27, 0x26, 0x35, 0x34, 0x3e, 0x02, 0x33, 0x32, 0x16, 0x17, 0x16, 0x17, 0x1e, 0x03, 0x17, 0x16,
    0x17, 0x33, 0x36, 0x37, 0x3e, 0x03, 0x37, 0x36, 0x37, 0x36, 0x36, 0x03, 0x4c, 0x1d, 0x36, 0x29,
    0x18, 0x03, 0x02, 0x03, 0x02, 0x44, 0x94, 0x44, 0x0f, 0x19, 0x15, 0x43, 0x32, 0x20, 0x32, 0x44,
    0x15, 0x19, 0x0e, 0xfe, 0xe4, 0x03, 0x02, 0x05, 0x17, 0x28, 0x36, 0x1f, 0x30, 0x3b, 0x11, 0x13,
    0x09, 0x0c, 0x1c, 0x1c, 0x1d, 0x0d, 0x1f, 0x1f, 0x20, 0x22, 0x20, 0x0d, 0x1d, 0x1c, 0x1a, 0x0a,
    0x0a, 0x13, 0x11, 0x3a, 0x05, 0x78, 0x14, 0x22, 0x2f, 0x1b, 0x0d, 0x17, 0x09, 0x0b, 0x08, 0xfe,
    0xf5, 0xfd, 0xd5, 0xfe, 0xf6, 0x22, 0x1a, 0x17, 0x25, 0x25, 0x17, 0x1a, 0x22, 0x04, 0x40, 0x08,
    0x0b, 0x14, 0x19, 0x1b, 0x2f, 0x22, 0x14, 0x2a, 0x1a, 0x1e, 0x26, 0x30, 0x79, 0x82, 0x87, 0x3f,
    0x94, 0x9b, 0x9b, 0x94, 0x3f, 0x87, 0x82, 0x79, 0x30, 0x26, 0x1e, 0x1a, 0x2a, 0x00, 0x00, 0x01,
    0x00, 0x18, 0x00, 0x00, 0x06, 0x7a, 0x05, 0x78, 0x00, 0x4e, 0x00, 0x00, 0x01, 0x32, 0x1e, 0x02,
    0x17, 0x13, 0x33, 0x36, 0x12, 0x37, 0x36, 0x37, 0x36, 0x36, 0x33, 0x32, 0x1e, 0x02, 0x15, 0x14,
    0x06, 0x07, 0x06, 0x07, 0x01, 0x06, 0x07, 0x06, 0x06, 0x23, 0x23, 0x22, 0x26, 0x27, 0x26, 0x27,
    0x03, 0x23, 0x06, 0x02, 0x07, 0x06, 0x07, 0x06, 0x06, 0x23, 0x23, 0x22, 0x26, 0x27, 0x26, 0x27,
    0x01, 0x26, 0x27, 0x26, 0x26, 0x35, 0x34, 0x3e, 0x02, 0x33, 0x32, 0x16, 0x17, 0x16, 0x17, 0x13,
    0x33, 0x3e, 0x03, 0x37, 0x36, 0x36, 0x03, 0x4a, 0x1c, 0x31, 0x27, 0x1c, 0x06, 0xac, 0x22, 0x2a,
    0x58, 0x2c, 0x09, 0x12, 0x10, 0x39, 0x2e, 0x23, 0x35, 0x23, 0x11, 0x02, 0x02, 0x02, 0x02, 0xfe,
    0xee, 0x0f, 0x19, 0x15, 0x43, 0x32, 0x22, 0x32, 0x40, 0x13, 0x16, 0x0b, 0x8c, 0x22, 0x20, 0x49,
    0x21, 0x0d, 0x16, 0x14, 0x3f, 0x32, 0x22, 0x32, 0x45, 0x16, 0x1a, 0x0f, 0xfe, 0xf2, 0x02, 0x02,
    0x02, 0x02, 0x11, 0x23, 0x35, 0x23, 0x2e, 0x39, 0x10, 0x12, 0x09, 0xae, 0x22, 0x13, 0x2c, 0x2d,
    0x2d, 0x15, 0x0e, 0x50, 0x05, 0x72, 0x14, 0x23, 0x31, 0x1c, 0xfc, 0xe2, 0xc3, 0x01, 0x97, 0xc4,
    0x26, 0x1f, 0x1a, 0x2b, 0x19, 0x27, 0x2e, 0x16, 0x0c, 0x16, 0x08, 0x0a, 0x08, 0xfb, 0xc0, 0x22,
    0x1a, 0x17, 0x25, 0x25, 0x17, 0x1a, 0x22, 0x02, 0x4a, 0x8e, 0xfe, 0xd2, 0x8e, 0x22, 0x1a, 0x17,
    0x25, 0x25, 0x17, 0x1a, 0x22, 0x04, 0x40, 0x08, 0x0a, 0x08, 0x16, 0x0c, 0x16, 0x2e, 0x27, 0x19,
    0x2b, 0x1a, 0x1f, 0x26, 0xfc, 0xe2, 0x5c, 0xcb, 0xcf, 0xcb, 0x5d, 0x39, 0x4b, 0x00, 0x00, 0x01,
    0x00, 0x38, 0x00, 0x00, 0x04, 0x46, 0x05, 0x78, 0x00, 0x44, 0x00, 0x00, 0x01, 0x03, 0x26, 0x27,
    0x26, 0x26, 0x35, 0x34, 0x36, 0x37, 0x36, 0x33, 0x32, 0x1e, 0x02, 0x17, 0x13, 0x33, 0x13, 0x3e,
    0x03, 0x33, 0x32, 0x16, 0x17, 0x16, 0x16, 0x15, 0x14, 0x06, 0x07, 0x06, 0x07, 0x03, 0x15, 0x01,
    0x16, 0x16, 0x15, 0x14, 0x06, 0x07, 0x06, 0x23, 0x22, 0x2e, 0x02, 0x27, 0x03, 0x23, 0x03, 0x0e,
    0x03, 0x23, 0x22, 0x27, 0x26, 0x26, 0x35, 0x34, 0x36, 0x37, 0x01, 0x01, 0x84, 0xfc, 0x16, 0x12,
    0x0f, 0x19, 0x1f, 0x27, 0x2d, 0x25, 0x1c, 0x2f, 0x27, 0x22, 0x10, 0xba, 0x1e, 0xba, 0x10, 0x22,
    0x27, 0x2e, 0x1d, 0x12, 0x29, 0x17, 0x2a, 0x20, 0x1a, 0x10, 0x12, 0x18, 0xfa, 0x01, 0x16, 0x15,
    0x1f, 0x1d, 0x27, 0x2d, 0x25, 0x1a, 0x2a, 0x24, 0x1f, 0x0f, 0xca, 0x1e, 0xca, 0x0f, 0x1f, 0x23,
    0x2a, 0x19, 0x26, 0x2a, 0x29, 0x1f, 0x1f, 0x15, 0x01, 0x18, 0x02, 0xca, 0x01, 0x7e, 0x21, 0x21,
    0x1b, 0x3c, 0x15, 0x1b, 0x38, 0x17, 0x18, 0x19, 0x29, 0x34, 0x1a, 0xfe, 0xce, 0x01, 0x32, 0x1a,
    0x34, 0x29, 0x19, 0x0e, 0x0c, 0x17, 0x35, 0x1a, 0x16, 0x3c, 0x1c, 0x21, 0x21, 0xfe, 0x82, 0x12,
    0xfe, 0x4a, 0x21, 0x41, 0x20, 0x1b, 0x35, 0x18, 0x18, 0x15, 0x22, 0x2c, 0x17, 0x01, 0x48, 0xfe,
    0xb8, 0x17, 0x2c, 0x22, 0x15, 0x18, 0x18, 0x35, 0x1b, 0x20, 0x41, 0x21, 0x01, 0xb6, 0x00, 0x01,
    0xff, 0xf2, 0x00, 0x00, 0x03, 0xfe, 0x05, 0x78, 0x00, 0x2b, 0x00, 0x00, 0x25, 0x14, 0x0e, 0x02,
    0x23, 0x22, 0x2e, 0x02, 0x35, 0x11, 0x01, 0x26, 0x26, 0x35, 0x34, 0x36, 0x37, 0x36, 0x33, 0x32,
    0x1e, 0x02, 0x17, 0x13, 0x33, 0x13, 0x3e, 0x03, 0x33, 0x32, 0x16, 0x17, 0x16, 0x16, 0x15, 0x14,
    0x06, 0x07, 0x01, 0x02, 0x8e, 0x08, 0x1e, 0x3c, 0x34, 0x35, 0x3c, 0x1f, 0x08, 0xfe, 0xd6, 0x18,
    0x2c, 0x1f, 0x29, 0x2d, 0x27, 0x1e, 0x31, 0x28, 0x20, 0x0d, 0xb6, 0x20, 0xb6, 0x0d, 0x20, 0x28,
    0x31, 0x1e, 0x15, 0x28, 0x17, 0x27, 0x21, 0x20, 0x24, 0xfe, 0xd4, 0xe2, 0x2a, 0x51, 0x40, 0x27,
    0x27, 0x40, 0x51, 0x2a, 0x01, 0x5c, 0x02, 0x14, 0x2a, 0x51, 0x29, 0x1b, 0x37, 0x18, 0x18, 0x1b,
    0x2c, 0x37, 0x1c, 0xfe, 0x82, 0x01, 0x7e, 0x1c, 0x37, 0x2c, 0x1b, 0x0c, 0x0c, 0x18, 0x37, 0x1b,
    0x12, 0x51, 0x41, 0xfd, 0xec, 0x00, 0x00, 0x01, 0x00, 0x46, 0x00, 0x00, 0x03, 0xd6, 0x05, 0x78,
    0x00, 0x2b, 0x00, 0x00, 0x01, 0x27, 0x21, 0x22, 0x2e, 0x02, 0x35, 0x34, 0x3e, 0x02, 0x33, 0x21,
    0x32, 0x1e, 0x02, 0x15, 0x14, 0x06, 0x07, 0x01, 0x17, 0x21, 0x32, 0x1e, 0x02, 0x15, 0x14, 0x0e,
    0x02, 0x23, 0x21, 0x22, 0x2e, 0x02, 0x35, 0x34, 0x36, 0x37, 0x02, 0x58, 0x10, 0xfe, 0xe0, 0x28,
    0x50, 0x41, 0x29, 0x29, 0x41, 0x50, 0x28, 0x02, 0x0e, 0x26, 0x3b, 0x28, 0x15, 0x06, 0x06, 0xfd,
    0xfe, 0x0e, 0x01, 0x20, 0x27, 0x50, 0x42, 0x29, 0x29, 0x42, 0x50, 0x27, 0xfd, 0xf2, 0x26, 0x3b,
    0x29, 0x16, 0x05, 0x09, 0x04, 0x4a, 0x10, 0x08, 0x1b, 0x35, 0x2e, 0x34, 0x3d, 0x1f, 0x08, 0x1b,
    0x2c, 0x36, 0x1b, 0x0f, 0x1c, 0x0b, 0xfc, 0x82, 0x0e, 0x08, 0x1d, 0x38, 0x31, 0x32, 0x39, 0x1d,
    0x08, 0x19, 0x28, 0x34, 0x1b, 0x12, 0x1b, 0x0f, 0x00, 0x01, 0x00, 0xf0, 0x00, 0x02, 0x02, 0xe0,
    0x05, 0x7c, 0x00, 0x21, 0x00, 0x00, 0x25, 0x32, 0x1e, 0x02, 0x15, 0x14, 0x0e, 0x02, 0x23, 0x23,
    0x22, 0x2e, 0x02, 0x35, 0x11, 0x34, 0x36, 0x33, 0x33, 0x32, 0x1e, 0x02, 0x15, 0x14, 0x0e, 0x02,
    0x23, 0x23, 0x11, 0x02, 0x4e, 0x1c, 0x34, 0x28, 0x18, 0x18, 0x28, 0x34, 0x1c, 0xce, 0x1f, 0x34,
    0x27, 0x16, 0x41, 0x51, 0xce, 0x1c, 0x34, 0x28, 0x18, 0x18, 0x28, 0x34, 0x1c, 0x6c, 0xf6, 0x07,
    0x19, 0x30, 0x28, 0x2c, 0x32, 0x18, 0x06, 0x0d, 0x21, 0x37, 0x2b, 0x04, 0x56, 0x47, 0x4d, 0x07,
    0x19, 0x30, 0x28, 0x2c, 0x32, 0x18, 0x06, 0xfc, 0x6e, 0x00, 0x00, 0x01, 0x00, 0x46, 0xff, 0xe6,
    0x03, 0x3a, 0x05, 0x80, 0x00, 0x1c, 0x00, 0x00, 0x13, 0x1e, 0x03, 0x17, 0x01, 0x16, 0x16, 0x15,
    0x06, 0x06, 0x07, 0x06, 0x23, 0x22, 0x2e, 0x02, 0x27, 0x01, 0x26, 0x26, 0x35, 0x36, 0x36, 0x37,
    0x36, 0x36, 0xde, 0x13, 0x1e, 0x16, 0x10, 0x07, 0x01, 0xe8, 0x09, 0x0d, 0x03, 0x24, 0x29, 0x1f,
    0x19, 0x17, 0x23, 0x1b, 0x14, 0x07, 0xfe, 0x1a, 0x09, 0x0d, 0x03, 0x22, 0x27, 0x14, 0x23, 0x05,
    0x80, 0x02, 0x13, 0x1b, 0x22, 0x10, 0xfb, 0x8a, 0x17, 0x2a, 0x1d, 0x18, 0x2c, 0x12, 0x0e, 0x13,
    0x1d, 0x23, 0x11, 0x04, 0x74, 0x14, 0x2e, 0x1e, 0x18, 0x2b, 0x11, 0x08, 0x06, 0x00, 0x00, 0x01,
    0x00, 0x8c, 0x00, 0x02, 0x02, 0x7c, 0x05, 0x7c, 0x00, 0x21, 0x00, 0x00, 0x25, 0x11, 0x23, 0x22,
    0x2e, 0x02, 0x35, 0x34, 0x3e, 0x02, 0x33, 0x33, 0x32, 0x16, 0x15, 0x11, 0x14, 0x0e, 0x02, 0x23,
    0x23, 0x22, 0x2e, 0x02, 0x35, 0x34, 0x3e, 0x02, 0x33, 0x01, 0x88, 0x6c, 0x1c, 0x34, 0x28, 0x18,
    0x18, 0x28, 0x34, 0x1c, 0xce, 0x51, 0x41, 0x16, 0x27, 0x34, 0x1f, 0xce, 0x1c, 0x34, 0x28, 0x18,
    0x18, 0x28, 0x34, 0x1c, 0xf6, 0x03, 0x92, 0x06, 0x18, 0x32, 0x2c, 0x28, 0x30, 0x19, 0x07, 0x4d,
    0x47, 0xfb, 0xaa, 0x2b, 0x37, 0x21, 0x0d, 0x06, 0x18, 0x32, 0x2c, 0x28, 0x30, 0x19, 0x07, 0x00,
    0x00, 0x01, 0x00, 0xae, 0x02, 0xfa, 0x03, 0x0e, 0x04, 0x84, 0x00, 0x21, 0x00, 0x00, 0x01, 0x16,
    0x16, 0x15, 0x14, 0x06, 0x07, 0x06, 0x06, 0x23, 0x22, 0x26, 0x27, 0x27, 0x07, 0x06, 0x06, 0x23,
    0x22, 0x26, 0x27, 0x26, 0x26, 0x35, 0x34, 0x36, 0x37, 0x37, 0x36, 0x36, 0x37, 0x33, 0x16, 0x17,
    0x02, 0xf2, 0x0b, 0x11, 0x17, 0x0f, 0x12, 0x22, 0x12, 0x18, 0x30, 0x0e, 0x6e, 0x6e, 0x0e, 0x30,
    0x18, 0x12, 0x22, 0x12, 0x0f, 0x17, 0x11, 0x0b, 0xbe, 0x0f, 0x25, 0x18, 0x14, 0x2d, 0x1f, 0x03,
    0xae, 0x0b, 0x25, 0x18, 0x1a, 0x26, 0x0e, 0x11, 0x0d, 0x0f, 0x11, 0x68, 0x68, 0x11, 0x0f, 0x0d,
    0x11, 0x0e, 0x26, 0x1a, 0x18, 0x25, 0x0b, 0xb4, 0x0f, 0x11, 0x02, 0x03, 0x1f, 0x00, 0x00, 0x01,
    0x00, 0x92, 0x00, 0x02, 0x04, 0xe6, 0x00, 0xf6, 0x00, 0x16, 0x00, 0x00, 0x25, 0x22, 0x2e, 0x02,
    0x35, 0x34, 0x3e, 0x02, 0x33, 0x21, 0x32, 0x1e, 0x02, 0x15, 0x14, 0x0e, 0x02, 0x23, 0x21, 0x01,
    0x22, 0x1c, 0x34, 0x28, 0x18, 0x18, 0x28, 0x34, 0x1c, 0x03, 0x34, 0x19, 0x34, 0x29, 0x1a, 0x1a,
    0x29, 0x34, 0x19, 0xfd, 0x04, 0x02, 0x07, 0x19, 0x2f, 0x29, 0x2c, 0x32, 0x18, 0x06, 0x06, 0x18,
    0x32, 0x2c, 0x29, 0x2f, 0x19, 0x07, 0x00, 0x01, 0x00, 0x84, 0x04, 0x4e, 0x02, 0x42, 0x05, 0xac,
    0x00, 0x18, 0x00, 0x00, 0x01, 0x16, 0x16, 0x15, 0x14, 0x06, 0x07, 0x06, 0x06, 0x23, 0x22, 0x26,
    0x27, 0x27, 0x26, 0x26, 0x35, 0x34, 0x36, 0x37, 0x36, 0x36, 0x33, 0x32, 0x17, 0x02, 0x16, 0x0e,
    0x1e, 0x0a, 0x0c, 0x14, 0x2f, 0x1b, 0x0f, 0x1f, 0x0e, 0xdc, 0x14, 0x1e, 0x0a, 0x0c, 0x14, 0x36,
    0x1a, 0x1d, 0x1b, 0x05, 0x12, 0x09, 0x2f, 0x1e, 0x0e, 0x21, 0x11, 0x1d, 0x11, 0x07, 0x09, 0x86,
    0x0e, 0x2d, 0x1b, 0x0e, 0x24, 0x12, 0x1d, 0x11, 0x12, 0x00, 0x00, 0x02, 0x00, 0x54, 0x00, 0x00,
    0x03, 0x90, 0x03, 0xe8, 0x00, 0x29, 0x00, 0x3e, 0x00, 0x00, 0x25, 0x14, 0x0e, 0x02, 0x23, 0x22,
    0x2e, 0x02, 0x35, 0x0e, 0x03, 0x23, 0x22, 0x2e, 0x02, 0x35, 0x11, 0x34, 0x3e, 0x02, 0x33, 0x32,
    0x1e, 0x02, 0x17, 0x34, 0x3e, 0x02, 0x33, 0x32, 0x1e, 0x02, 0x15, 0x01, 0x14, 0x1e, 0x02, 0x33,
    0x32, 0x3e, 0x02, 0x37, 0x34, 0x2e, 0x02, 0x23, 0x22, 0x0e, 0x02, 0x15, 0x03, 0x90, 0x06, 0x1e,
    0x3c, 0x36, 0x37, 0x3e, 0x1e, 0x07, 0x09, 0x21, 0x34, 0x49, 0x31, 0x37, 0x6e, 0x58, 0x37, 0x37,
    0x58, 0x6e, 0x37, 0x31, 0x49, 0x34, 0x21, 0x09, 0x1c, 0x2c, 0x37, 0x1b, 0x32, 0x3c, 0x1f, 0x09,
    0xfd, 0xf8, 0x04, 0x12, 0x23, 0x1f, 0x27, 0x31, 0x1c, 0x0b, 0x01, 0x0b, 0x1c, 0x32, 0x27, 0x1f,
    0x23, 0x12, 0x04, 0xe2, 0x2a, 0x51, 0x40, 0x27, 0x25, 0x35, 0x3a, 0x14, 0x1d, 0x3c, 0x30, 0x1f,
    0x24, 0x54, 0x87, 0x63, 0x01, 0x22, 0x64, 0x87, 0x53, 0x24, 0x1e, 0x30, 0x3c, 0x1e, 0x32, 0x42,
    0x27, 0x0f, 0x27, 0x3f, 0x53, 0x2b, 0xfe, 0x78, 0x1b, 0x34, 0x2a, 0x19, 0x23, 0x49, 0x6f, 0x4d,
    0x1f, 0x51, 0x48, 0x32, 0x19, 0x28, 0x33, 0x1a, 0x00, 0x02, 0x00, 0x78, 0x00, 0x00, 0x03, 0xb4,
    0x05, 0x78, 0x00, 0x2a, 0x00, 0x3f, 0x00, 0x00, 0x13, 0x34, 0x3e, 0x02, 0x33, 0x32, 0x1e, 0x02,
    0x15, 0x11, 0x3e, 0x03, 0x33, 0x32, 0x1e, 0x02, 0x15, 0x11, 0x14, 0x0e, 0x02, 0x23, 0x22, 0x2e,
    0x02, 0x27, 0x14, 0x0e, 0x02, 0x23, 0x22, 0x2e, 0x02, 0x35, 0x01, 0x34, 0x2e, 0x02, 0x23, 0x22,
    0x0e, 0x02, 0x15, 0x1e, 0x03, 0x33, 0x32, 0x3e, 0x02, 0x35, 0x78, 0x09, 0x1f, 0x3c, 0x32, 0x34,
    0x3e, 0x1f, 0x09, 0x09, 0x21, 0x34, 0x49, 0x31, 0x37, 0x6e, 0x58, 0x37, 0x37, 0x58, 0x6e, 0x37,
    0x31, 0x49, 0x34, 0x21, 0x09, 0x07, 0x1e, 0x3e, 0x37, 0x36, 0x3c, 0x1e, 0x06, 0x02, 0x08, 0x04,
    0x12, 0x23, 0x1f, 0x27, 0x32, 0x1c, 0x0b, 0x01, 0x0b, 0x1c, 0x31, 0x27, 0x1f, 0x23, 0x12, 0x04,
    0x04, 0x94, 0x2b, 0x53, 0x3f, 0x27, 0x27, 0x3f, 0x53, 0x2b, 0xfe, 0xaa, 0x1e, 0x3c, 0x30, 0x1e,
    0x24, 0x53, 0x87, 0x64, 0xfe, 0xde, 0x63, 0x87, 0x54, 0x24, 0x1f, 0x30, 0x3c, 0x1d, 0x14, 0x3a,
    0x35, 0x25, 0x27, 0x40, 0x51, 0x2a, 0x01, 0x8c, 0x1a, 0x33, 0x28, 0x19, 0x32, 0x48, 0x51, 0x1f,
    0x4d, 0x6f, 0x49, 0x23, 0x19, 0x2a, 0x34, 0x1b, 0x00, 0x01, 0x00, 0x54, 0x00, 0x00, 0x03, 0xa2,
    0x03, 0xe8, 0x00, 0x43, 0x00, 0x00, 0x01, 0x14, 0x1e, 0x02, 0x33, 0x32, 0x3e, 0x02, 0x35, 0x34,
    0x3e, 0x02, 0x33, 0x32, 0x1e, 0x02, 0x15, 0x14, 0x0e, 0x04, 0x23, 0x22, 0x2e, 0x02, 0x35, 0x35,
    0x34, 0x3e, 0x04, 0x33, 0x32, 0x1e, 0x04, 0x15, 0x14, 0x0e, 0x02, 0x23, 0x22, 0x2e, 0x02, 0x35,
    0x34, 0x2e, 0x02, 0x23, 0x22, 0x0e, 0x02, 0x15, 0x01, 0x84, 0x06, 0x16, 0x2b, 0x25, 0x2c, 0x32,
    0x18, 0x06, 0x09, 0x22, 0x43, 0x3a, 0x35, 0x3a, 0x1b, 0x04, 0x27, 0x42, 0x56, 0x61, 0x64, 0x2e,
    0x4f, 0x94, 0x73, 0x46, 0x2d, 0x48, 0x5a, 0x5c, 0x53, 0x1e, 0x59, 0x85, 0x60, 0x3f, 0x24, 0x0f,
    0x04, 0x1b, 0x3a, 0x35, 0x13, 0x39, 0x36, 0x26, 0x05, 0x18, 0x31, 0x2c, 0x25, 0x2b, 0x16, 0x06,
    0x01, 0x5a, 0x10, 0x31, 0x2f, 0x22, 0x14, 0x23, 0x2f, 0x1a, 0x0d, 0x21, 0x1d, 0x13, 0x18, 0x21,
    0x23, 0x0a, 0x40, 0x61, 0x47, 0x30, 0x1c, 0x0c, 0x2a, 0x5a, 0x8d, 0x63, 0xea, 0x5f, 0x84, 0x58,
    0x31, 0x18, 0x06, 0x1e, 0x32, 0x41, 0x48, 0x48, 0x1f, 0x10, 0x2b, 0x27, 0x1c, 0x03, 0x12, 0x26,
    0x23, 0x18, 0x2d, 0x22, 0x15, 0x18, 0x24, 0x28, 0x10, 0x00, 0x00, 0x02, 0x00, 0x52, 0x00, 0x00,
    0x03, 0x8e, 0x05, 0x78, 0x00, 0x2a, 0x00, 0x3f, 0x00, 0x00, 0x25, 0x14, 0x0e, 0x02, 0x23, 0x22,
    0x2e, 0x02, 0x35, 0x0e, 0x03, 0x23, 0x22, 0x2e, 0x02, 0x35, 0x11, 0x34, 0x3e, 0x02, 0x33, 0x32,
    0x1e, 0x02, 0x17, 0x11, 0x34, 0x3e, 0x02, 0x33, 0x32, 0x1e, 0x02, 0x15, 0x01, 0x14, 0x1e, 0x02,
    0x33, 0x32, 0x3e, 0x02, 0x37, 0x34, 0x2e, 0x02, 0x23, 0x22, 0x0e, 0x02, 0x15, 0x03, 0x8e, 0x06,
    0x1e, 0x3c, 0x36, 0x37, 0x3e, 0x1e, 0x07, 0x09, 0x21, 0x34, 0x49, 0x31, 0x37, 0x6e, 0x58, 0x37,
    0x37, 0x58, 0x6e, 0x37, 0x31, 0x49, 0x34, 0x21, 0x09, 0x09, 0x1f, 0x3d, 0x35, 0x32, 0x3c, 0x1f,
    0x09, 0xfd, 0xf8, 0x04, 0x12, 0x23, 0x1f, 0x27, 0x31, 0x1c, 0x0b, 0x01, 0x0b, 0x1c, 0x32, 0x27,
    0x1f, 0x23, 0x12, 0x04, 0xe2, 0x2a, 0x51, 0x40, 0x27, 0x25, 0x35, 0x3a, 0x14, 0x1d, 0x3c, 0x30,
    0x1f, 0x24, 0x54, 0x87, 0x63, 0x01, 0x22, 0x64, 0x87, 0x53, 0x24, 0x1e, 0x30, 0x3c, 0x1e, 0x01,
    0x56, 0x2b, 0x53, 0x3f, 0x27, 0x27, 0x3f, 0x53, 0x2b, 0xfc, 0xe8, 0x1b, 0x34, 0x2a, 0x19, 0x23,
    0x49, 0x6f, 0x4d, 0x1f, 0x51, 0x48, 0x32, 0x19, 0x28, 0x33, 0x1a, 0x00, 0x00, 0x02, 0x00, 0x5c,
    0x00, 0x00, 0x03, 0xa8, 0x03, 0xea, 0x00, 0x31, 0x00, 0x3d, 0x00, 0x00, 0x01, 0x14, 0x0e, 0x02,
    0x23, 0x21, 0x15, 0x14, 0x1e, 0x02, 0x33, 0x32, 0x3e, 0x04, 0x33, 0x32, 0x1e, 0x02, 0x15, 0x14,
    0x0e, 0x02, 0x23, 0x2e, 0x03, 0x35, 0x35, 0x34, 0x3e, 0x04, 0x33, 0x32, 0x1e, 0x04, 0x15, 0x05,
    0x33, 0x34, 0x2e, 0x02, 0x23, 0x22, 0x0e, 0x02, 0x15, 0x03, 0xa8, 0x04, 0x1b, 0x3a, 0x35, 0xfe,
    0x72, 0x0c, 0x1d, 0x30, 0x23, 0x28, 0x2b, 0x19, 0x14, 0x21, 0x3b, 0x34, 0x19, 0x2f, 0x24, 0x16,
    0x52, 0x7c, 0x91, 0x3f, 0x53, 0x96, 0x73, 0x44, 0x2d, 0x48, 0x5a, 0x5c, 0x53, 0x1e, 0x65, 0x8f,
    0x60, 0x38, 0x1c, 0x08, 0xfd, 0xe4, 0xfa, 0x05, 0x19, 0x35, 0x31, 0x29, 0x2f, 0x18, 0x06, 0x02,
    0x3a, 0x10, 0x2b, 0x27, 0x1c, 0x60, 0x18, 0x34, 0x2c, 0x1c, 0x13, 0x1c, 0x20, 0x1c, 0x13, 0x08,
    0x16, 0x27, 0x1f, 0x41, 0x57, 0x34, 0x16, 0x01, 0x28, 0x58, 0x8e, 0x67, 0xea, 0x5f, 0x84, 0x58,
    0x31, 0x18, 0x06, 0x24, 0x3a, 0x4c, 0x51, 0x53, 0x24, 0x26, 0x2f, 0x49, 0x32, 0x1a, 0x1a, 0x27,
    0x2c, 0x11, 0x00, 0x01, 0x00, 0x00, 0x00, 0x00, 0x02, 0xd4, 0x05, 0x78, 0x00, 0x3b, 0x00, 0x00,
    0x01, 0x32, 0x1e, 0x02, 0x15, 0x14, 0x0e, 0x02, 0x23, 0x23, 0x11, 0x14, 0x0e, 0x02, 0x23, 0x22,
    0x2e, 0x02, 0x35, 0x11, 0x23, 0x22, 0x2e, 0x02, 0x35, 0x34, 0x3e, 0x02, 0x33, 0x33, 0x34, 0x3e,
    0x02, 0x33, 0x32, 0x1e, 0x02, 0x15, 0x14, 0x0e, 0x02, 0x23, 0x22, 0x26, 0x23, 0x22, 0x0e, 0x02,
    0x15, 0x15, 0x02, 0x34, 0x19, 0x34, 0x29, 0x1a, 0x1a, 0x29, 0x34, 0x19, 0x3c, 0x09, 0x21, 0x3f,
    0x35, 0x33, 0x3b, 0x1e, 0x08, 0x38, 0x1c, 0x33, 0x27, 0x18, 0x18, 0x27, 0x33, 0x1c, 0x38, 0x10,
    0x3e, 0x7a, 0x6a, 0x2d, 0x50, 0x3c, 0x23, 0x19, 0x24, 0x2b, 0x12, 0x0f, 0x1a, 0x11, 0x0e, 0x0f,
    0x09, 0x02, 0x03, 0xe8, 0x06, 0x18, 0x32, 0x2c, 0x29, 0x2f, 0x19, 0x07, 0xfd, 0xee, 0x2c, 0x51,
    0x3f, 0x26, 0x26, 0x3f, 0x51, 0x2c, 0x02, 0x12, 0x07, 0x19, 0x2f, 0x29, 0x2c, 0x32, 0x18, 0x06,
    0x58, 0x94, 0x69, 0x3b, 0x10, 0x22, 0x37, 0x27, 0x24, 0x30, 0x1e, 0x0c, 0x0e, 0x12, 0x1e, 0x24,
    0x12, 0x2a, 0x00, 0x02, 0x00, 0x5c, 0xfe, 0x70, 0x03, 0x9a, 0x03, 0xe8, 0x00, 0x3e, 0x00, 0x53,
    0x00, 0x00, 0x05, 0x14, 0x0e, 0x04, 0x23, 0x22, 0x2e, 0x02, 0x27, 0x34, 0x3e, 0x02, 0x33, 0x32,
    0x1e, 0x02, 0x17, 0x16, 0x16, 0x33, 0x32, 0x3e, 0x02, 0x35, 0x35, 0x0e, 0x03, 0x23, 0x22, 0x2e,
    0x02, 0x35, 0x11, 0x34, 0x3e, 0x02, 0x33, 0x32, 0x1e, 0x02, 0x17, 0x34, 0x3e, 0x02, 0x33, 0x32,
    0x1e, 0x02, 0x15, 0x01, 0x14, 0x1e, 0x02, 0x33, 0x32, 0x3e, 0x02, 0x35, 0x2e, 0x03, 0x23, 0x22,
    0x0e, 0x02, 0x15, 0x03, 0x9a, 0x31, 0x4c, 0x5d, 0x59, 0x4a, 0x13, 0x47, 0x8e, 0x75, 0x4d, 0x05,
    0x08, 0x1c, 0x38, 0x30, 0x3a, 0x3e, 0x1e, 0x09, 0x05, 0x08, 0x2f, 0x29, 0x25, 0x2b, 0x16, 0x06,
    0x09, 0x21, 0x34, 0x49, 0x31, 0x37, 0x6e, 0x59, 0x38, 0x38, 0x59, 0x6e, 0x37, 0x31, 0x49, 0x34,
    0x21, 0x09, 0x07, 0x1e, 0x3e, 0x37, 0x36, 0x3c, 0x1e, 0x06, 0xfd, 0xf8, 0x04, 0x12, 0x23, 0x1f,
    0x27, 0x32, 0x1c, 0x0b, 0x01, 0x0b, 0x1c, 0x31, 0x27, 0x1f, 0x23, 0x12, 0x04, 0x1e, 0x5a, 0x7c,
    0x52, 0x2e, 0x17, 0x05, 0x14, 0x36, 0x5c, 0x48, 0x0c, 0x1e, 0x1b, 0x13, 0x13, 0x1b, 0x1f, 0x0d,
    0x15, 0x11, 0x22, 0x2f, 0x31, 0x10, 0xe0, 0x1e, 0x3c, 0x30, 0x1e, 0x24, 0x53, 0x88, 0x65, 0x01,
    0x22, 0x63, 0x87, 0x54, 0x24, 0x1f, 0x30, 0x3c, 0x1d, 0x14, 0x3a, 0x35, 0x25, 0x27, 0x40, 0x51,
    0x2a, 0xfe, 0x74, 0x1a, 0x34, 0x29, 0x19, 0x32, 0x49, 0x51, 0x20, 0x4c, 0x70, 0x49, 0x23, 0x19,
    0x2a, 0x34, 0x1b, 0x00, 0x00, 0x01, 0x00, 0x7a, 0x00, 0x00, 0x03, 0xbc, 0x05, 0x78, 0x00, 0x36,
    0x00, 0x00, 0x25, 0x14, 0x0e, 0x02, 0x23, 0x22, 0x2e, 0x02, 0x35, 0x11, 0x34, 0x2e, 0x02, 0x23,
    0x22, 0x0e, 0x02, 0x15, 0x15, 0x14, 0x0e, 0x02, 0x23, 0x22, 0x2e, 0x02, 0x35, 0x11, 0x34, 0x3e,
    0x02, 0x33, 0x32, 0x1e, 0x02, 0x15, 0x11, 0x3e, 0x03, 0x33, 0x32, 0x1e, 0x02, 0x15, 0x03, 0xbc,
    0x09, 0x1f, 0x3c, 0x34, 0x34, 0x3d, 0x21, 0x0a, 0x04, 0x12, 0x23, 0x1f, 0x28, 0x32, 0x1d, 0x0b,
    0x09, 0x20, 0x3e, 0x35, 0x34, 0x3c, 0x1f, 0x09, 0x09, 0x1f, 0x3c, 0x34, 0x35, 0x3e, 0x20, 0x09,
    0x09, 0x22, 0x36, 0x49, 0x30, 0x37, 0x6f, 0x57, 0x37, 0xe2, 0x2a, 0x51, 0x40, 0x27, 0x27, 0x40,
    0x51, 0x2a, 0x01, 0x8a, 0x1a, 0x33, 0x28, 0x19, 0x35, 0x5d, 0x7f, 0x49, 0xbe, 0x2a, 0x51, 0x40,
    0x27, 0x27, 0x40, 0x51, 0x2a, 0x03, 0xb4, 0x2a, 0x51, 0x40, 0x27, 0x27, 0x40, 0x51, 0x2a, 0xfe,
    0xaa, 0x1d, 0x3c, 0x30, 0x1f, 0x25, 0x54, 0x89, 0x64, 0x00, 0x00, 0x02, 0x00, 0x9a, 0x00, 0x00,
    0x01, 0xcc, 0x05, 0x78, 0x00, 0x15, 0x00, 0x21, 0x00, 0x00, 0x13, 0x34, 0x3e, 0x02, 0x33, 0x32,
    0x1e, 0x02, 0x15, 0x11, 0x14, 0x0e, 0x02, 0x23, 0x22, 0x2e, 0x02, 0x35, 0x01, 0x14, 0x06, 0x23,
    0x22, 0x26, 0x35, 0x34, 0x36, 0x33, 0x32, 0x16, 0x9a, 0x09, 0x20, 0x3c, 0x33, 0x33, 0x3c, 0x20,
    0x09, 0x09, 0x20, 0x3c, 0x33, 0x33, 0x3c, 0x20, 0x09, 0x01, 0x32, 0x50, 0x48, 0x48, 0x50, 0x50,
    0x48, 0x4d, 0x4b, 0x03, 0x08, 0x2a, 0x50, 0x3f, 0x27, 0x27, 0x3f, 0x50, 0x2a, 0xfd, 0xd8, 0x2a,
    0x51, 0x3f, 0x26, 0x26, 0x3f, 0x51, 0x2a, 0x04, 0x00, 0x4d, 0x4b, 0x4b, 0x4d, 0x50, 0x48, 0x48,
    0x00, 0x02, 0xff, 0xd4, 0xfe, 0x70, 0x01, 0xe0, 0x05, 0x7a, 0x00, 0x1f, 0x00, 0x2b, 0x00, 0x00,
    0x13, 0x34, 0x3e, 0x02, 0x33, 0x32, 0x1e, 0x02, 0x15, 0x11, 0x14, 0x0e, 0x02, 0x23, 0x22, 0x2e,
    0x02, 0x35, 0x34, 0x3e, 0x02, 0x33, 0x32, 0x3e, 0x02, 0x35, 0x01, 0x14, 0x06, 0x23, 0x22, 0x26,
    0x35, 0x34, 0x36, 0x33, 0x32, 0x16, 0xb0, 0x09, 0x20, 0x3d, 0x34, 0x32, 0x3c, 0x1f, 0x09, 0x0e,
    0x3c, 0x7a, 0x6c, 0x2c, 0x50, 0x3c, 0x24, 0x0f, 0x21, 0x33, 0x25, 0x1f, 0x22, 0x10, 0x03, 0x01,
    0x30, 0x4f, 0x47, 0x48, 0x52, 0x52, 0x48, 0x4d, 0x49, 0x03, 0x08, 0x2b, 0x51, 0x3f, 0x25, 0x25,
    0x3f, 0x51, 0x2b, 0xfd, 0x16, 0x5d, 0x9e, 0x72, 0x41, 0x12, 0x26, 0x3a, 0x28, 0x25, 0x30, 0x1d,
    0x0c, 0x19, 0x2a, 0x36, 0x1d, 0x04, 0xc4, 0x4b, 0x4b, 0x4b, 0x4b, 0x4e, 0x4a, 0x4a, 0x00, 0x01,
    0x00, 0x96, 0xff, 0xfe, 0x03, 0x98, 0x05, 0x78, 0x00, 0x33, 0x00, 0x00, 0x13, 0x34, 0x3e, 0x02,
    0x33, 0x32, 0x1e, 0x02, 0x15, 0x11, 0x33, 0x37, 0x36, 0x36, 0x33, 0x32, 0x1e, 0x02, 0x15, 0x14,
    0x07, 0x07, 0x13, 0x16, 0x16, 0x15, 0x14, 0x0e, 0x02, 0x23, 0x22, 0x2e, 0x02, 0x27, 0x27, 0x23,
    0x15, 0x14, 0x0e, 0x02, 0x23, 0x22, 0x2e, 0x02, 0x35, 0x96, 0x06, 0x1c, 0x39, 0x33, 0x34, 0x39,
    0x1b, 0x06, 0x10, 0xce, 0x12, 0x30, 0x1a, 0x19, 0x33, 0x27, 0x19, 0x1c, 0xb4, 0xc4, 0x12, 0x1a,
    0x1c, 0x2d, 0x37, 0x1a, 0x21, 0x34, 0x27, 0x1e, 0x0a, 0x70, 0x38, 0x06, 0x1b, 0x39, 0x34, 0x33,
    0x39, 0x1c, 0x06, 0x04, 0x9a, 0x2a, 0x50, 0x3e, 0x26, 0x26, 0x3e, 0x50, 0x2a, 0xfe, 0x76, 0xf2,
    0x15, 0x13, 0x13, 0x23, 0x31, 0x1f, 0x28, 0x22, 0xd4, 0xfe, 0x8a, 0x24, 0x49, 0x21, 0x20, 0x32,
    0x21, 0x11, 0x20, 0x2f, 0x36, 0x17, 0xee, 0xa8, 0x2a, 0x51, 0x3f, 0x26, 0x26, 0x3f, 0x51, 0x2a,
    0x00, 0x01, 0x00, 0x8c, 0x00, 0x00, 0x01, 0xbc, 0x05, 0x78, 0x00, 0x15, 0x00, 0x00, 0x13, 0x34,
    0x3e, 0x02, 0x33, 0x32, 0x1e, 0x02, 0x15, 0x11, 0x14, 0x0e, 0x02, 0x23, 0x22, 0x2e, 0x02, 0x35,
    0x8c, 0x09, 0x20, 0x3c, 0x33, 0x34, 0x3c, 0x1f, 0x09, 0x09, 0x1f, 0x3c, 0x34, 0x33, 0x3c, 0x20,
    0x09, 0x04, 0x9a, 0x2a, 0x50, 0x3e, 0x26, 0x26, 0x3e, 0x50, 0x2a, 0xfc, 0x46, 0x2a, 0x51, 0x3f,
    0x26, 0x26, 0x3f, 0x51, 0x2a, 0x00, 0x00, 0x01, 0x00, 0x86, 0x00, 0x00, 0x05, 0xce, 0x03, 0xe8,
    0x00, 0x53, 0x00, 0x00, 0x21, 0x22, 0x2e, 0x02, 0x35, 0x11, 0x34, 0x2e, 0x02, 0x23, 0x22, 0x0e,
    0x02, 0x15, 0x15, 0x14, 0x0e, 0x02, 0x23, 0x22, 0x2e, 0x02, 0x35, 0x11, 0x34, 0x3e, 0x02, 0x33,
    0x32, 0x1e, 0x02, 0x15, 0x3e, 0x03, 0x33, 0x32, 0x16, 0x17, 0x3e, 0x03, 0x33, 0x32, 0x1e, 0x02,
    0x15, 0x11, 0x14, 0x0e, 0x02, 0x23, 0x22, 0x2e, 0x02, 0x35, 0x11, 0x34, 0x2e, 0x02, 0x23, 0x22,
    0x0e, 0x02, 0x07, 0x11, 0x14, 0x0e, 0x02, 0x03, 0x28, 0x33, 0x3c, 0x20, 0x09, 0x05, 0x12, 0x23,
    0x1e, 0x28, 0x32, 0x1d, 0x0b, 0x09, 0x1f, 0x3c, 0x34, 0x34, 0x3c, 0x1f, 0x09, 0x07, 0x1e, 0x3d,
    0x36, 0x37, 0x3d, 0x1e, 0x06, 0x09, 0x27, 0x3c, 0x4e, 0x30, 0x42, 0x7c, 0x2c, 0x0f, 0x3a, 0x4a,
    0x54, 0x29, 0x37, 0x6e, 0x58, 0x37, 0x0a, 0x20, 0x3d, 0x33, 0x34, 0x3d, 0x20, 0x09, 0x06, 0x12,
    0x24, 0x1e, 0x20, 0x2d, 0x1e, 0x10, 0x03, 0x09, 0x20, 0x3d, 0x27, 0x40, 0x51, 0x2a, 0x01, 0x8c,
    0x1b, 0x34, 0x28, 0x19, 0x36, 0x5d, 0x7e, 0x49, 0xc2, 0x2a, 0x51, 0x40, 0x27, 0x27, 0x40, 0x51,
    0x2a, 0x02, 0x24, 0x2a, 0x51, 0x40, 0x27, 0x25, 0x35, 0x3a, 0x14, 0x1d, 0x3c, 0x30, 0x1f, 0x40,
    0x48, 0x22, 0x33, 0x22, 0x11, 0x24, 0x54, 0x87, 0x63, 0xfe, 0x5c, 0x2a, 0x51, 0x40, 0x27, 0x27,
    0x40, 0x51, 0x2a, 0x01, 0x8c, 0x1b, 0x34, 0x28, 0x19, 0x28, 0x46, 0x61, 0x39, 0xfe, 0xec, 0x2a,
    0x51, 0x40, 0x27, 0x00, 0x00, 0x01, 0x00, 0x84, 0x00, 0x00, 0x03, 0xc6, 0x03, 0xe8, 0x00, 0x35,
    0x00, 0x00, 0x25, 0x14, 0x0e, 0x02, 0x23, 0x22, 0x2e, 0x02, 0x35, 0x11, 0x34, 0x2e, 0x02, 0x23,
    0x22, 0x0e, 0x02, 0x15, 0x15, 0x14, 0x0e, 0x02, 0x23, 0x22, 0x2e, 0x02, 0x35, 0x11, 0x34, 0x3e,
    0x02, 0x33, 0x32, 0x1e, 0x02, 0x15, 0x3e, 0x03, 0x33, 0x32, 0x1e, 0x02, 0x15, 0x03, 0xc6, 0x0a,
    0x21, 0x3d, 0x34, 0x33, 0x3c, 0x20, 0x09, 0x05, 0x12, 0x23, 0x1e, 0x29, 0x32, 0x1d, 0x0a, 0x0a,
    0x21, 0x3d, 0x34, 0x33, 0x3c, 0x20, 0x09, 0x06, 0x1e, 0x3d, 0x37, 0x37, 0x3e, 0x1f, 0x08, 0x08,
    0x22, 0x35, 0x4a, 0x31, 0x37, 0x6e, 0x58, 0x37, 0xe4, 0x2b, 0x52, 0x40, 0x27, 0x27, 0x40, 0x52,
    0x2b, 0x01, 0x86, 0x1c, 0x36, 0x29, 0x19, 0x36, 0x5e, 0x7f, 0x49, 0xbe, 0x2b, 0x52, 0x40, 0x27,
    0x27, 0x40, 0x52, 0x2b, 0x02, 0x22, 0x2b, 0x51, 0x3f, 0x27, 0x25, 0x34, 0x3a, 0x15, 0x1d, 0x3c,
    0x30, 0x1f, 0x24, 0x54, 0x88, 0x64, 0x00, 0x02, 0x00, 0x4e, 0xff, 0xf8, 0x03, 0x90, 0x03, 0xf0,
    0x00, 0x1d, 0x00, 0x33, 0x00, 0x00, 0x13, 0x34, 0x3e, 0x04, 0x33, 0x32, 0x1e, 0x04, 0x15, 0x15,
    0x14, 0x0e, 0x04, 0x23, 0x22, 0x2e, 0x04, 0x35, 0x05, 0x16, 0x17, 0x16, 0x16, 0x33, 0x32, 0x36,
    0x37, 0x36, 0x37, 0x11, 0x26, 0x27, 0x26, 0x26, 0x23, 0x22, 0x06, 0x07, 0x06, 0x07, 0x4e, 0x32,
    0x4f, 0x61, 0x5e, 0x51, 0x17, 0x17, 0x50, 0x5b, 0x5d, 0x4b, 0x30, 0x30, 0x4b, 0x5d, 0x5b, 0x50,
    0x17, 0x17, 0x51, 0x5e, 0x61, 0x4f, 0x32, 0x01, 0x34, 0x01, 0x0d, 0x0b, 0x2f, 0x2c, 0x2a, 0x2d,
    0x0b, 0x0c, 0x02, 0x02, 0x0c, 0x0b, 0x2d, 0x2a, 0x2c, 0x2f, 0x0b, 0x0d, 0x01, 0x02, 0x70, 0x5c,
    0x80, 0x56, 0x30, 0x18, 0x06, 0x06, 0x18, 0x30, 0x56, 0x80, 0x5c, 0xf8, 0x5c, 0x80, 0x56, 0x30,
    0x18, 0x06, 0x06, 0x18, 0x30, 0x56, 0x80, 0x5c, 0x46, 0x1d, 0x16, 0x14, 0x1f, 0x1f, 0x14, 0x16,
    0x1d, 0x01, 0x6a, 0x1e, 0x19, 0x14, 0x23, 0x23, 0x14, 0x19, 0x1e, 0x00, 0x00, 0x02, 0x00, 0x84,
    0xfe, 0x70, 0x03, 0xc0, 0x03, 0xe8, 0x00, 0x2a, 0x00, 0x3f, 0x00, 0x00, 0x13, 0x34, 0x3e, 0x02,
    0x33, 0x32, 0x1e, 0x02, 0x15, 0x3e, 0x03, 0x33, 0x32, 0x1e, 0x02, 0x15, 0x11, 0x14, 0x0e, 0x02,
    0x23, 0x22, 0x2e, 0x02, 0x27, 0x11, 0x14, 0x0e, 0x02, 0x23, 0x22, 0x2e, 0x02, 0x35, 0x01, 0x34,
    0x2e, 0x02, 0x23, 0x22, 0x0e, 0x02, 0x07, 0x14, 0x1e, 0x02, 0x33, 0x32, 0x3e, 0x02, 0x35, 0x84,
    0x06, 0x1e, 0x3c, 0x36, 0x37, 0x3e, 0x1e, 0x07, 0x09, 0x21, 0x34, 0x49, 0x31, 0x37, 0x6e, 0x58,
    0x37, 0x37, 0x58, 0x6e, 0x37, 0x31, 0x49, 0x34, 0x21, 0x09, 0x09, 0x1f, 0x3e, 0x34, 0x32, 0x3c,
    0x1f, 0x09, 0x02, 0x08, 0x04, 0x12, 0x23, 0x1f, 0x27, 0x31, 0x1c, 0x0b, 0x01, 0x0b, 0x1c, 0x32,
    0x27, 0x1f, 0x23, 0x12, 0x04, 0x03, 0x06, 0x2a, 0x51, 0x40, 0x27, 0x25, 0x35, 0x3a, 0x14, 0x1d,
    0x3c, 0x30, 0x1f, 0x24, 0x54, 0x87, 0x63, 0xfe, 0xde, 0x64, 0x87, 0x53, 0x24, 0x1e, 0x30, 0x3c,
    0x1e, 0xfe, 0xaa, 0x2c, 0x52, 0x3f, 0x27, 0x27, 0x3f, 0x52, 0x2c, 0x03, 0x18, 0x1b, 0x34, 0x2a,
    0x19, 0x23, 0x49, 0x70, 0x4c, 0x20, 0x51, 0x48, 0x31, 0x19, 0x28, 0x33, 0x1a, 0x00, 0x00, 0x02,
    0x00, 0x68, 0xfe, 0x70, 0x03, 0xa4, 0x03, 0xe8, 0x00, 0x2a, 0x00, 0x3f, 0x00, 0x00, 0x05, 0x14,
    0x0e, 0x02, 0x23, 0x22, 0x2e, 0x02, 0x35, 0x11, 0x0e, 0x03, 0x23, 0x22, 0x2e, 0x02, 0x35, 0x11,
    0x34, 0x3e, 0x02, 0x33, 0x32, 0x1e, 0x02, 0x17, 0x34, 0x3e, 0x02, 0x33, 0x32, 0x1e, 0x02, 0x15,
    0x01, 0x14, 0x1e, 0x02, 0x33, 0x32, 0x3e, 0x02, 0x35, 0x2e, 0x03, 0x23, 0x22, 0x0e, 0x02, 0x15,
    0x03, 0xa4, 0x09, 0x1f, 0x3c, 0x32, 0x35, 0x3d, 0x1f, 0x09, 0x09, 0x21, 0x34, 0x49, 0x31, 0x37,
    0x6e, 0x58, 0x37, 0x37, 0x58, 0x6e, 0x37, 0x31, 0x49, 0x34, 0x21, 0x09, 0x07, 0x1e, 0x3e, 0x37,
    0x36, 0x3c, 0x1e, 0x06, 0xfd, 0xf8, 0x04, 0x12, 0x23, 0x1f, 0x27, 0x32, 0x1c, 0x0b, 0x01, 0x0b,
    0x1c, 0x31, 0x27, 0x1f, 0x23, 0x12, 0x04, 0xac, 0x2c, 0x52, 0x3f, 0x27, 0x27, 0x3f, 0x52, 0x2c,
    0x01, 0x56, 0x1e, 0x3c, 0x30, 0x1e, 0x24, 0x53, 0x87, 0x64, 0x01, 0x22, 0x63, 0x87, 0x54, 0x24,
    0x1f, 0x30, 0x3c, 0x1d, 0x14, 0x3a, 0x35, 0x25, 0x27, 0x40, 0x51, 0x2a, 0xfe, 0x74, 0x1a, 0x33,
    0x28, 0x19, 0x31, 0x48, 0x51, 0x20, 0x4c, 0x70, 0x49, 0x23, 0x19, 0x2a, 0x34, 0x1b, 0x00, 0x01,
    0x00, 0x84, 0x00, 0x00, 0x03, 0x02, 0x03, 0xe6, 0x00, 0x2a, 0x00, 0x00, 0x01, 0x14, 0x06, 0x23,
    0x22, 0x0e, 0x04, 0x15, 0x11, 0x14, 0x0e, 0x02, 0x23, 0x22, 0x2e, 0x02, 0x35, 0x11, 0x34, 0x3e,
    0x02, 0x33, 0x32, 0x1e, 0x02, 0x15, 0x33, 0x3e, 0x03, 0x33, 0x32, 0x1e, 0x02, 0x03, 0x02, 0x4d,
    0x47, 0x0a, 0x25, 0x2a, 0x2b, 0x24, 0x16, 0x09, 0x20, 0x3c, 0x33, 0x32, 0x3a, 0x1f, 0x09, 0x09,
    0x1f, 0x3a, 0x32, 0x33, 0x37, 0x1a, 0x04, 0x10, 0x0e, 0x2e, 0x38, 0x40, 0x20, 0x27, 0x31, 0x1c,
    0x0a, 0x03, 0x52, 0x4e, 0x48, 0x03, 0x0d, 0x19, 0x2b, 0x42, 0x2e, 0xfe, 0xe2, 0x29, 0x4e, 0x3d,
    0x26, 0x26, 0x3d, 0x4e, 0x29, 0x02, 0x30, 0x2a, 0x4f, 0x3e, 0x25, 0x2d, 0x47, 0x57, 0x29, 0x38,
    0x5b, 0x3f, 0x22, 0x11, 0x24, 0x38, 0x00, 0x01, 0x00, 0x56, 0xff, 0xf8, 0x03, 0x44, 0x03, 0xf0,
    0x00, 0x4e, 0x00, 0x00, 0x01, 0x14, 0x1e, 0x02, 0x17, 0x1e, 0x03, 0x15, 0x14, 0x0e, 0x04, 0x23,
    0x22, 0x2e, 0x04, 0x35, 0x34, 0x36, 0x33, 0x32, 0x16, 0x17, 0x1e, 0x03, 0x33, 0x32, 0x36, 0x35,
    0x34, 0x2e, 0x02, 0x27, 0x2e, 0x03, 0x35, 0x34, 0x3e, 0x02, 0x37, 0x33, 0x32, 0x1e, 0x04, 0x15,
    0x14, 0x0e, 0x02, 0x07, 0x22, 0x2e, 0x02, 0x35, 0x26, 0x26, 0x23, 0x22, 0x0e, 0x02, 0x01, 0x82,
    0x1a, 0x2d, 0x3b, 0x20, 0x31, 0x66, 0x54, 0x35, 0x23, 0x3a, 0x4d, 0x55, 0x58, 0x27, 0x4d, 0x72,
    0x52, 0x35, 0x1e, 0x0c, 0x43, 0x45, 0x32, 0x40, 0x02, 0x01, 0x15, 0x21, 0x28, 0x13, 0x27, 0x31,
    0x21, 0x36, 0x45, 0x24, 0x2d, 0x5b, 0x4a, 0x2e, 0x33, 0x62, 0x8d, 0x5a, 0x10, 0x51, 0x71, 0x4b,
    0x2b, 0x15, 0x05, 0x19, 0x29, 0x34, 0x1c, 0x18, 0x27, 0x1c, 0x0f, 0x02, 0x39, 0x29, 0x11, 0x1f,
    0x19, 0x0f, 0x02, 0xe2, 0x14, 0x22, 0x1f, 0x1e, 0x0f, 0x18, 0x37, 0x4a, 0x61, 0x42, 0x3c, 0x5c,
    0x43, 0x2c, 0x1a, 0x0b, 0x1a, 0x2b, 0x37, 0x3c, 0x3b, 0x19, 0x3c, 0x38, 0x36, 0x3c, 0x14, 0x18,
    0x0f, 0x05, 0x29, 0x21, 0x1c, 0x31, 0x2a, 0x27, 0x14, 0x18, 0x36, 0x42, 0x53, 0x35, 0x4e, 0x69,
    0x41, 0x1c, 0x02, 0x1c, 0x2d, 0x38, 0x39, 0x34, 0x12, 0x1e, 0x27, 0x17, 0x09, 0x01, 0x10, 0x18,
    0x1e, 0x0e, 0x26, 0x28, 0x07, 0x11, 0x1c, 0x00, 0x00, 0x01, 0x00, 0x3c, 0x00, 0x00, 0x03, 0x12,
    0x05, 0x78, 0x00, 0x3b, 0x00, 0x00, 0x01, 0x35, 0x34, 0x3e, 0x02, 0x33, 0x32, 0x1e, 0x02, 0x15,
    0x15, 0x33, 0x32, 0x1e, 0x02, 0x15, 0x14, 0x0e, 0x02, 0x23, 0x23, 0x11, 0x14, 0x1e, 0x02, 0x33,
    0x32, 0x1e, 0x02, 0x15, 0x14, 0x0e, 0x02, 0x23, 0x22, 0x2e, 0x04, 0x35, 0x11, 0x23, 0x22, 0x2e,
    0x02, 0x35, 0x34, 0x3e, 0x02, 0x33, 0x01, 0x02, 0x09, 0x20, 0x3c, 0x33, 0x32, 0x3c, 0x1f, 0x09,
    0x52, 0x1a, 0x34, 0x29, 0x19, 0x19, 0x29, 0x34, 0x1a, 0x52, 0x03, 0x12, 0x24, 0x21, 0x24, 0x33,
    0x21, 0x10, 0x25, 0x3e, 0x52, 0x2d, 0x47, 0x65, 0x43, 0x27, 0x13, 0x05, 0x38, 0x1a, 0x33, 0x28,
    0x19, 0x19, 0x28, 0x33, 0x1a, 0x03, 0xe8, 0xb0, 0x2a, 0x50, 0x3f, 0x27, 0x27, 0x3f, 0x50, 0x2a,
    0xb0, 0x05, 0x18, 0x30, 0x2b, 0x29, 0x30, 0x18, 0x07, 0xfe, 0xa2, 0x14, 0x2d, 0x26, 0x19, 0x0b,
    0x1c, 0x32, 0x27, 0x28, 0x3a, 0x26, 0x12, 0x1e, 0x37, 0x4d, 0x60, 0x6f, 0x3d, 0x01, 0x4a, 0x07,
    0x18, 0x30, 0x29, 0x2b, 0x30, 0x18, 0x05, 0x00, 0x00, 0x01, 0x00, 0x76, 0x00, 0x00, 0x03, 0xb8,
    0x03, 0xe8, 0x00, 0x35, 0x00, 0x00, 0x13, 0x34, 0x3e, 0x02, 0x33, 0x32, 0x1e, 0x02, 0x15, 0x11,
    0x14, 0x1e, 0x02, 0x33, 0x32, 0x3e, 0x02, 0x35, 0x35, 0x34, 0x3e, 0x02, 0x33, 0x32, 0x1e, 0x02,
    0x15, 0x11, 0x14, 0x0e, 0x02, 0x23, 0x22, 0x2e, 0x02, 0x35, 0x0e, 0x03, 0x23, 0x22, 0x2e, 0x02,
    0x35, 0x76, 0x0a, 0x21, 0x3d, 0x34, 0x33, 0x3c, 0x20, 0x09, 0x05, 0x12, 0x23, 0x1e, 0x28, 0x33,
    0x1d, 0x0a, 0x0a, 0x21, 0x3d, 0x34, 0x33, 0x3c, 0x20, 0x09, 0x06, 0x1e, 0x3d, 0x37, 0x37, 0x3e,
    0x1f, 0x08, 0x08, 0x22, 0x35, 0x4a, 0x31, 0x37, 0x6e, 0x58, 0x37, 0x03, 0x04, 0x2b, 0x52, 0x40,
    0x27, 0x27, 0x40, 0x52, 0x2b, 0xfe, 0x7a, 0x1d, 0x35, 0x29, 0x19, 0x36, 0x5e, 0x7f, 0x49, 0xbe,
    0x2b, 0x52, 0x40, 0x27, 0x27, 0x40, 0x52, 0x2b, 0xfd, 0xde, 0x2b, 0x51, 0x3f, 0x27, 0x25, 0x34,
    0x3a, 0x15, 0x1d, 0x3c, 0x30, 0x1f, 0x24, 0x54, 0x88, 0x64, 0x00, 0x01, 0x00, 0x24, 0x00, 0x00,
    0x03, 0x4c, 0x03, 0xe8, 0x00, 0x28, 0x00, 0x00, 0x25, 0x0e, 0x03, 0x23, 0x22, 0x2e, 0x02, 0x27,
    0x03, 0x26, 0x26, 0x35, 0x34, 0x3e, 0x02, 0x33, 0x32, 0x1e, 0x02, 0x17, 0x13, 0x33, 0x13, 0x3e,
    0x03, 0x33, 0x32, 0x1e, 0x02, 0x15, 0x14, 0x06, 0x07, 0x02, 0x56, 0x16, 0x26, 0x24, 0x24, 0x14,
    0x16, 0x26, 0x26, 0x28, 0x16, 0xe2, 0x09, 0x0f, 0x0f, 0x22, 0x36, 0x27, 0x1c, 0x2f, 0x25, 0x1c,
    0x08, 0x70, 0x10, 0x68, 0x07, 0x1a, 0x25, 0x33, 0x21, 0x24, 0x32, 0x20, 0x0e, 0x0d, 0x0b, 0x9c,
    0x3a, 0x3f, 0x1e, 0x05, 0x05, 0x1d, 0x3f, 0x3b, 0x02, 0x50, 0x18, 0x37, 0x1b, 0x1d, 0x35, 0x28,
    0x18, 0x18, 0x28, 0x34, 0x1c, 0xfe, 0x94, 0x01, 0x6c, 0x19, 0x34, 0x29, 0x1a, 0x19, 0x29, 0x36,
    0x1c, 0x1a, 0x34, 0x1a, 0x00, 0x01, 0x00, 0x18, 0x00, 0x00, 0x05, 0x5c, 0x03, 0xe8, 0x00, 0x3e,
    0x00, 0x00, 0x01, 0x32, 0x16, 0x17, 0x13, 0x33, 0x13, 0x3e, 0x03, 0x33, 0x32, 0x1e, 0x02, 0x15,
    0x14, 0x06, 0x07, 0x03, 0x0e, 0x03, 0x23, 0x22, 0x2e, 0x02, 0x27, 0x03, 0x23, 0x03, 0x0e, 0x03,
    0x23, 0x22, 0x2e, 0x02, 0x27, 0x03, 0x26, 0x26, 0x35, 0x34, 0x3e, 0x02, 0x33, 0x32, 0x1e, 0x02,
    0x17, 0x13, 0x33, 0x13, 0x36, 0x36, 0x02, 0xbc, 0x30, 0x4b, 0x1d, 0x6a, 0x10, 0x70, 0x08, 0x19,
    0x24, 0x32, 0x23, 0x24, 0x32, 0x20, 0x0e, 0x0f, 0x09, 0xde, 0x17, 0x25, 0x24, 0x24, 0x14, 0x16,
    0x27, 0x27, 0x28, 0x16, 0x68, 0x10, 0x6c, 0x16, 0x25, 0x23, 0x24, 0x14, 0x16, 0x27, 0x27, 0x28,
    0x16, 0xe0, 0x09, 0x0f, 0x0f, 0x21, 0x36, 0x28, 0x1c, 0x2d, 0x24, 0x1a, 0x09, 0x7e, 0x10, 0x5c,
    0x19, 0x53, 0x03, 0x74, 0x3d, 0x4f, 0xfe, 0xe6, 0x01, 0x88, 0x1c, 0x34, 0x29, 0x19, 0x1a, 0x2a,
    0x36, 0x1c, 0x1b, 0x33, 0x1a, 0xfd, 0xb2, 0x3b, 0x3f, 0x1d, 0x05, 0x05, 0x1d, 0x3f, 0x3b, 0x01,
    0x68, 0xfe, 0x98, 0x3b, 0x3f, 0x1d, 0x05, 0x05, 0x1d, 0x3f, 0x3b, 0x02, 0x4e, 0x18, 0x37, 0x1b,
    0x1d, 0x36, 0x29, 0x18, 0x19, 0x29, 0x34, 0x1c, 0xfe, 0x78, 0x01, 0x1a, 0x4f, 0x3d, 0x00, 0x01,
    0x00, 0x54, 0x00, 0x00, 0x03, 0x5c, 0x03, 0xe8, 0x00, 0x3c, 0x00, 0x00, 0x01, 0x32, 0x16, 0x17,
    0x16, 0x16, 0x15, 0x14, 0x06, 0x07, 0x07, 0x17, 0x16, 0x16, 0x15, 0x14, 0x06, 0x07, 0x06, 0x23,
    0x22, 0x2e, 0x02, 0x27, 0x27, 0x07, 0x0e, 0x03, 0x23, 0x22, 0x27, 0x26, 0x26, 0x35, 0x34, 0x36,
    0x37, 0x37, 0x27, 0x26, 0x26, 0x35, 0x34, 0x36, 0x37, 0x36, 0x33, 0x32, 0x1e, 0x02, 0x17, 0x17,
    0x37, 0x3e, 0x03, 0x02, 0xd8, 0x11, 0x26, 0x15, 0x1e, 0x1a, 0x20, 0x18, 0xb2, 0xb2, 0x17, 0x21,
    0x1a, 0x1e, 0x28, 0x22, 0x15, 0x25, 0x21, 0x1f, 0x10, 0x78, 0x7c, 0x0e, 0x1e, 0x21, 0x24, 0x15,
    0x22, 0x28, 0x1e, 0x1a, 0x21, 0x17, 0xa8, 0xa8, 0x17, 0x21, 0x1a, 0x1e, 0x28, 0x22, 0x15, 0x24,
    0x21, 0x1e, 0x0e, 0x7c, 0x78, 0x0f, 0x1e, 0x21, 0x25, 0x03, 0xe8, 0x0c, 0x0e, 0x14, 0x2e, 0x1a,
    0x21, 0x48, 0x21, 0xf4, 0xf2, 0x23, 0x46, 0x21, 0x1a, 0x30, 0x14, 0x1a, 0x12, 0x1e, 0x28, 0x16,
    0xa8, 0xa8, 0x17, 0x28, 0x1e, 0x11, 0x1a, 0x15, 0x2f, 0x1a, 0x21, 0x46, 0x23, 0xf2, 0xf4, 0x23,
    0x44, 0x21, 0x1a, 0x2f, 0x15, 0x1a, 0x11, 0x1e, 0x27, 0x16, 0xa8, 0xa8, 0x16, 0x27, 0x1e, 0x11,
    0x00, 0x01, 0x00, 0x14, 0xfe, 0x70, 0x03, 0x7c, 0x03, 0xec, 0x00, 0x39, 0x00, 0x00, 0x13, 0x22,
    0x26, 0x35, 0x34, 0x3e, 0x02, 0x33, 0x32, 0x16, 0x33, 0x32, 0x3e, 0x02, 0x37, 0x27, 0x2e, 0x03,
    0x27, 0x26, 0x26, 0x35, 0x34, 0x3e, 0x02, 0x33, 0x32, 0x1e, 0x02, 0x17, 0x13, 0x13, 0x3e, 0x03,
    0x33, 0x32, 0x1e, 0x02, 0x15, 0x14, 0x06, 0x07, 0x03, 0x0e, 0x05, 0xe6, 0x72, 0x60, 0x11, 0x1e,
    0x27, 0x16, 0x0f, 0x1a, 0x09, 0x13, 0x23, 0x21, 0x22, 0x11, 0x10, 0x1d, 0x40, 0x3f, 0x3d, 0x19,
    0x0b, 0x0f, 0x18, 0x2a, 0x37, 0x1f, 0x1c, 0x2f, 0x25, 0x1c, 0x0a, 0x86, 0x80, 0x09, 0x1c, 0x26,
    0x30, 0x1d, 0x1d, 0x35, 0x27, 0x17, 0x0f, 0x0b, 0xf0, 0x15, 0x31, 0x3a, 0x42, 0x4a, 0x53, 0xfe,
    0x70, 0x41, 0x3f, 0x1f, 0x2a, 0x1a, 0x0b, 0x02, 0x2d, 0x44, 0x4e, 0x21, 0x28, 0x49, 0xa1, 0xa5,
    0xa4, 0x4d, 0x20, 0x3e, 0x1e, 0x1d, 0x32, 0x24, 0x15, 0x18, 0x2a, 0x36, 0x1e, 0xfe, 0x5a, 0x01,
    0xa6, 0x1c, 0x38, 0x2b, 0x1b, 0x16, 0x27, 0x36, 0x1f, 0x1e, 0x3b, 0x1d, 0xfd, 0x84, 0x36, 0x75,
    0x70, 0x64, 0x4c, 0x2d, 0x00, 0x01, 0x00, 0x48, 0x00, 0x00, 0x03, 0x4c, 0x03, 0xe8, 0x00, 0x2b,
    0x00, 0x00, 0x01, 0x32, 0x1e, 0x02, 0x15, 0x14, 0x0e, 0x02, 0x07, 0x01, 0x33, 0x32, 0x1e, 0x02,
    0x15, 0x14, 0x0e, 0x02, 0x23, 0x21, 0x22, 0x2e, 0x02, 0x35, 0x34, 0x36, 0x37, 0x01, 0x23, 0x22,
    0x2e, 0x02, 0x35, 0x34, 0x3e, 0x02, 0x33, 0x02, 0x8e, 0x1c, 0x42, 0x37, 0x25, 0x0b, 0x10, 0x13,
    0x08, 0xfe, 0xa4, 0xdc, 0x23, 0x43, 0x34, 0x20, 0x20, 0x34, 0x43, 0x23, 0xfe, 0x76, 0x1e, 0x42,
    0x38, 0x24, 0x23, 0x15, 0x01, 0x5a, 0xdc, 0x23, 0x42, 0x35, 0x20, 0x20, 0x35, 0x42, 0x23, 0x03,
    0xe8, 0x0a, 0x1b, 0x31, 0x26, 0x11, 0x22, 0x23, 0x22, 0x10, 0xfe, 0x1a, 0x07, 0x1a, 0x32, 0x2b,
    0x2a, 0x33, 0x1b, 0x08, 0x08, 0x1a, 0x30, 0x28, 0x24, 0x48, 0x1e, 0x01, 0xe8, 0x07, 0x1a, 0x31,
    0x2a, 0x2b, 0x32, 0x1b, 0x08, 0x00, 0x00, 0x01, 0x00, 0xbc, 0xff, 0x60, 0x03, 0xa4, 0x06, 0x1e,
    0x00, 0x49, 0x00, 0x00, 0x01, 0x32, 0x1e, 0x02, 0x15, 0x14, 0x06, 0x23, 0x06, 0x07, 0x0e, 0x03,
    0x15, 0x15, 0x14, 0x0e, 0x02, 0x07, 0x1e, 0x03, 0x15, 0x15, 0x14, 0x1e, 0x02, 0x17, 0x16, 0x17,
    0x32, 0x16, 0x15, 0x14, 0x0e, 0x02, 0x23, 0x26, 0x27, 0x2e, 0x03, 0x35, 0x35, 0x34, 0x2e, 0x02,
    0x27, 0x2e, 0x03, 0x35, 0x34, 0x36, 0x37, 0x3e, 0x03, 0x35, 0x35, 0x34, 0x3e, 0x02, 0x03, 0x1a,
    0x25, 0x35, 0x21, 0x0f, 0x3d, 0x45, 0x2d, 0x23, 0x0f, 0x1d, 0x16, 0x0e, 0x1e, 0x29, 0x2a, 0x0b,
    0x0b, 0x2a, 0x29, 0x1e, 0x0e, 0x16, 0x1d, 0x0f, 0x23, 0x2d, 0x45, 0x3d, 0x11, 0x2a, 0x46, 0x35,
    0x6d, 0x55, 0x24, 0x46, 0x37, 0x21, 0x13, 0x1e, 0x26, 0x13, 0x0e, 0x19, 0x12, 0x0b, 0x27, 0x1d,
    0x13, 0x26, 0x1e, 0x13, 0x43, 0x75, 0x9d, 0x06, 0x1e, 0x12, 0x20, 0x2a, 0x18, 0x30, 0x44, 0x02,
    0x13, 0x08, 0x1a, 0x25, 0x34, 0x22, 0x8a, 0x46, 0x6d, 0x4c, 0x2b, 0x04, 0x04, 0x2b, 0x4d, 0x6d,
    0x45, 0xb0, 0x1f, 0x2f, 0x23, 0x18, 0x08, 0x12, 0x03, 0x44, 0x30, 0x18, 0x2a, 0x20, 0x12, 0x06,
    0x2e, 0x13, 0x3d, 0x57, 0x77, 0x4e, 0xbc, 0x2e, 0x3d, 0x27, 0x18, 0x0a, 0x08, 0x10, 0x15, 0x1b,
    0x14, 0x27, 0x24, 0x0f, 0x0a, 0x18, 0x27, 0x3e, 0x2f, 0xd8, 0x5b, 0x88, 0x5a, 0x2d, 0x00, 0x01,
    0x00, 0xb4, 0xff, 0x60, 0x01, 0xa8, 0x06, 0x1e, 0x00, 0x16, 0x00, 0x00, 0x05, 0x14, 0x0e, 0x02,
    0x23, 0x22, 0x2e, 0x02, 0x35, 0x11, 0x34, 0x3e, 0x02, 0x33, 0x32, 0x1e, 0x02, 0x15, 0x11, 0x01,
    0xa8, 0x07, 0x19, 0x30, 0x28, 0x2c, 0x32, 0x18, 0x06, 0x06, 0x18, 0x32, 0x2c, 0x28, 0x30, 0x19,
    0x07, 0x10, 0x1c, 0x34, 0x28, 0x18, 0x18, 0x28, 0x34, 0x1c, 0x05, 0x9e, 0x19, 0x34, 0x29, 0x1a,
    0x1a, 0x29, 0x34, 0x19, 0xfa, 0x9a, 0x00, 0x01, 0x00, 0x50, 0xff, 0x60, 0x03, 0x38, 0x06, 0x1e,
    0x00, 0x4d, 0x00, 0x00, 0x01, 0x14, 0x0e, 0x02, 0x07, 0x0e, 0x03, 0x15, 0x15, 0x14, 0x0e, 0x02,
    0x07, 0x06, 0x07, 0x22, 0x2e, 0x02, 0x35, 0x34, 0x3e, 0x02, 0x33, 0x36, 0x37, 0x3e, 0x03, 0x35,
    0x35, 0x34, 0x3e, 0x02, 0x37, 0x2e, 0x03, 0x35, 0x35, 0x34, 0x2e, 0x02, 0x27, 0x26, 0x27, 0x22,
    0x2e, 0x02, 0x35, 0x34, 0x3e, 0x02, 0x33, 0x32, 0x1e, 0x02, 0x15, 0x15, 0x14, 0x1e, 0x02, 0x17,
    0x16, 0x16, 0x03, 0x38, 0x0b, 0x12, 0x19, 0x0e, 0x12, 0x26, 0x1e, 0x14, 0x21, 0x37, 0x46, 0x24,
    0x55, 0x6d, 0x35, 0x46, 0x2a, 0x11, 0x0f, 0x20, 0x32, 0x23, 0x2c, 0x23, 0x0f, 0x1c, 0x16, 0x0e,
    0x1f, 0x2a, 0x2a, 0x0b, 0x0b, 0x2a, 0x2a, 0x1f, 0x0e, 0x16, 0x1c, 0x0f, 0x23, 0x2c, 0x23, 0x32,
    0x20, 0x0f, 0x0f, 0x21, 0x36, 0x26, 0x5b, 0x9d, 0x74, 0x42, 0x14, 0x1e, 0x26, 0x12, 0x1d, 0x27,
    0x02, 0xcc, 0x14, 0x1b, 0x15, 0x10, 0x08, 0x0a, 0x18, 0x27, 0x3d, 0x2e, 0xbc, 0x4e, 0x77, 0x57,
    0x3d, 0x13, 0x2e, 0x06, 0x12, 0x20, 0x2a, 0x18, 0x18, 0x2a, 0x20, 0x12, 0x03, 0x12, 0x08, 0x18,
    0x23, 0x2f, 0x1f, 0xb0, 0x45, 0x6d, 0x4d, 0x2b, 0x04, 0x04, 0x2b, 0x4c, 0x6d, 0x46, 0x8a, 0x22,
    0x34, 0x25, 0x1a, 0x08, 0x13, 0x02, 0x12, 0x20, 0x2a, 0x18, 0x18, 0x2a, 0x20, 0x12, 0x2d, 0x5a,
    0x88, 0x5b, 0xd8, 0x2f, 0x3e, 0x27, 0x18, 0x0a, 0x0f, 0x24, 0x00, 0x01, 0x00, 0x70, 0x00, 0x54,
    0x03, 0x22, 0x01, 0x8e, 0x00, 0x37, 0x00, 0x00, 0x25, 0x26, 0x26, 0x23, 0x22, 0x06, 0x07, 0x06,
    0x06, 0x23, 0x22, 0x26, 0x27, 0x26, 0x35, 0x34, 0x36, 0x37, 0x37, 0x36, 0x36, 0x33, 0x32, 0x16,
    0x17, 0x1e, 0x03, 0x33, 0x32, 0x36, 0x37, 0x36, 0x36, 0x33, 0x16, 0x16, 0x17, 0x16, 0x16, 0x15,
    0x0e, 0x03, 0x07, 0x0e, 0x03, 0x23, 0x22, 0x2e, 0x02, 0x01, 0xa6, 0x14, 0x1e, 0x0c, 0x12, 0x24,
    0x1a, 0x0f, 0x22, 0x0f, 0x12, 0x31, 0x0f, 0x16, 0x1c, 0x20, 0x4a, 0x18, 0x31, 0x1d, 0x15, 0x29,
    0x18, 0x2b, 0x35, 0x1e, 0x0c, 0x04, 0x0f, 0x1f, 0x12, 0x11, 0x24, 0x15, 0x0e, 0x1b, 0x11, 0x12,
    0x0c, 0x02, 0x0e, 0x13, 0x15, 0x08, 0x23, 0x30, 0x21, 0x16, 0x0a, 0x08, 0x13, 0x24, 0x3a, 0x9e,
    0x0b, 0x0b, 0x19, 0x1b, 0x11, 0x15, 0x17, 0x15, 0x19, 0x1b, 0x15, 0x31, 0x1e, 0x42, 0x15, 0x19,
    0x10, 0x0c, 0x16, 0x1a, 0x0e, 0x04, 0x14, 0x14, 0x0f, 0x15, 0x02, 0x0d, 0x11, 0x12, 0x22, 0x12,
    0x0c, 0x1a, 0x19, 0x16, 0x07, 0x24, 0x29, 0x14, 0x05, 0x03, 0x0f, 0x1e, 0x00, 0x00, 0x00, 0x09,
    0x00, 0x72, 0x00, 0x03, 0x00, 0x01, 0x04, 0x09, 0x00, 0x00, 0x01, 0x40, 0x00, 0x00, 0x00, 0x03,
    0x00, 0x01, 0x04, 0x09, 0x00, 0x01, 0x00, 0x1a, 0x01, 0x40, 0x00, 0x03, 0x00, 0x01, 0x04, 0x09,
    0x00, 0x02, 0x00, 0x0e, 0x01, 0x5a, 0x00, 0x03, 0x00, 0x01, 0x04, 0x09, 0x00, 0x03, 0x00, 0x22,
    0x01, 0x68, 0x00, 0x03, 0x00, 0x01, 0x04, 0x09, 0x00, 0x04, 0x00, 0x1a, 0x01, 0x40, 0x00, 0x03,
    0x00, 0x01, 0x04, 0x09, 0x00, 0x05, 0x00, 0x1a, 0x01, 0x8a, 0x00, 0x03, 0x00, 0x01, 0x04, 0x09,
    0x00, 0x06, 0x00, 0x18, 0x01, 0xa4, 0x00, 0x03, 0x00, 0x01, 0x04, 0x09, 0x00, 0x0d, 0x01, 0x20,
    0x01, 0xbc, 0x00, 0x03, 0x00, 0x01, 0x04, 0x09, 0x00, 0x0e, 0x00, 0x34, 0x02, 0xdc, 0x00, 0x43,
    0x00, 0x6f, 0x00, 0x70, 0x00, 0x79, 0x00, 0x72, 0x00, 0x69, 0x00, 0x67, 0x00, 0x68, 0x00, 0x74,
    0x00, 0x20, 0x00, 0x28, 0x00, 0x63, 0x00, 0x29, 0x00, 0x20, 0x00, 0x32, 0x00, 0x30, 0x00, 0x31,
    0x00, 0x31, 0x00, 0x2c, 0x00, 0x20, 0x00, 0x32, 0x00, 0x30, 0x00, 0x31, 0x00, 0x31, 0x00, 0x20,
    0x00, 0x4a, 0x00, 0x6f, 0x00, 0x68, 0x00, 0x61, 0x00, 0x6e, 0x00, 0x20, 0x00, 0x4b, 0x00, 0x61,
    0x00, 0x6c, 0x00, 0x6c, 0x00, 0x61, 0x00, 0x73, 0x00, 0x20, 0x00, 0x28, 0x00, 0x6a, 0x00, 0x6f,
    0x00, 0x68, 0x00, 0x61, 0x00, 0x6e, 0x00, 0x6b, 0x00, 0x61, 0x00, 0x6c, 0x00, 0x6c, 0x00, 0x61,
    0x00, 0x73, 0x00, 0x40, 0x00, 0x67, 0x00, 0x6d, 0x00, 0x61, 0x00, 0x69, 0x00, 0x6c, 0x00, 0x2e,
    0x00, 0x63, 0x00, 0x6f, 0x00, 0x6d, 0x00, 0x29, 0x00, 0x2c, 0x00, 0x20, 0x00, 0x43, 0x00, 0x6f,
    0x00, 0x70, 0x00, 0x79, 0x00, 0x72, 0x00, 0x69, 0x00, 0x67, 0x00, 0x68, 0x00, 0x74, 0x00, 0x20,
    0x00, 0x28, 0x00, 0x63, 0x00, 0x29, 0x00, 0x20, 0x00, 0x32, 0x00, 0x30, 0x00, 0x31, 0x00, 0x31,
    0x00, 0x2c, 0x00, 0x20, 0x00, 0x32, 0x00, 0x30, 0x00, 0x31, 0x00, 0x31, 0x00, 0x20, 0x00, 0x4d,
    0x00, 0x69, 0x00, 0x68, 0x00, 0x6b, 0x00, 0x65, 0x00, 0x6c, 0x00, 0x20, 0x00, 0x56, 0x00, 0x69,
    0x00, 0x72, 0x00, 0x6b, 0x00, 0x75, 0x00, 0x73, 0x00, 0x20, 0x00, 0x28, 0x00, 0x6d, 0x00, 0x69,
    0x00, 0x68, 0x00, 0x6b, 0x00, 0x65, 0x00, 0x6c, 0x00, 0x76, 0x00, 0x69, 0x00, 0x72, 0x00, 0x6b,
    0x00, 0x75, 0x00, 0x73, 0x00, 0x40, 0x00, 0x67, 0x00, 0x6d, 0x00, 0x61, 0x00, 0x69, 0x00, 0x6c,
    0x00, 0x2e, 0x00, 0x63, 0x00, 0x6f, 0x00, 0x6d, 0x00, 0x29, 0x00, 0x2c, 0x00, 0x20, 0x00, 0x77,
    0x00, 0x69, 0x00, 0x74, 0x00, 0x68, 0x00, 0x20, 0x00, 0x52, 0x00, 0x65, 0x00, 0x73, 0x00, 0x65,
    0x00, 0x72, 0x00, 0x76, 0x00, 0x65, 0x00, 0x64, 0x00, 0x20, 0x00, 0x46, 0x00, 0x6f, 0x00, 0x6e,
    0x00, 0x74, 0x00, 0x20, 0x00, 0x4e, 0x00, 0x61, 0x00, 0x6d, 0x00, 0x65, 0x00, 0x20, 0x00, 0x43,
    0x00, 0x6f, 0x00, 0x6e, 0x00, 0x63, 0x00, 0x65, 0x00, 0x72, 0x00, 0x74, 0x00, 0x2e, 0x00, 0x4d,
    0x00, 0x44, 0x00, 0x4b, 0x00, 0x52, 0x00, 0x20, 0x00, 0x53, 0x00, 0x75, 0x00, 0x62, 0x00, 0x74,
    0x00, 0x69, 0x00, 0x74, 0x00, 0x6c, 0x00, 0x65, 0x00, 0x52, 0x00, 0x65, 0x00, 0x67, 0x00, 0x75,
    0x00, 0x6c, 0x00, 0x61, 0x00, 0x72, 0x00, 0x4d, 0x00, 0x44, 0x00, 0x4b, 0x00, 0x52, 0x00, 0x53,
    0x00, 0x75, 0x00, 0x62, 0x00, 0x74, 0x00, 0x69, 0x00, 0x74, 0x00, 0x6c, 0x00, 0x65, 0x00, 0x3b,
    0x00, 0x6d, 0x00, 0x64, 0x00, 0x6b, 0x00, 0x72, 0x00, 0x56, 0x00, 0x65, 0x00, 0x72, 0x00, 0x73,
    0x00, 0x69, 0x00, 0x6f, 0x00, 0x6e, 0x00, 0x20, 0x00, 0x31, 0x00, 0x2e, 0x00, 0x30, 0x00, 0x30,
    0x00, 0x34, 0x00, 0x4d, 0x00, 0x44, 0x00, 0x4b, 0x00, 0x52, 0x00, 0x53, 0x00, 0x75, 0x00, 0x62,
    0x00, 0x74, 0x00, 0x69, 0x00, 0x74, 0x00, 0x6c, 0x00, 0x65, 0x00, 0x54, 0x00, 0x68, 0x00, 0x69,
    0x00, 0x73, 0x00, 0x20, 0x00, 0x46, 0x00, 0x6f, 0x00, 0x6e, 0x00, 0x74, 0x00, 0x20, 0x00, 0x53,
    0x00, 0x6f, 0x00, 0x66, 0x00, 0x74, 0x00, 0x77, 0x00, 0x61, 0x00, 0x72, 0x00, 0x65, 0x00, 0x20,
    0x00, 0x69, 0x00, 0x73, 0x00, 0x20, 0x00, 0x6c, 0x00, 0x69, 0x00, 0x63, 0x00, 0x65, 0x00, 0x6e,
    0x00, 0x73, 0x00, 0x65, 0x00, 0x64, 0x00, 0x20, 0x00, 0x75, 0x00, 0x6e, 0x00, 0x64, 0x00, 0x65,
    0x00, 0x72, 0x00, 0x20, 0x00, 0x74, 0x00, 0x68, 0x00, 0x65, 0x00, 0x20, 0x00, 0x53, 0x00, 0x49,
    0x00, 0x4c, 0x00, 0x20, 0x00, 0x4f, 0x00, 0x70, 0x00, 0x65, 0x00, 0x6e, 0x00, 0x20, 0x00, 0x46,
    0x00, 0x6f, 0x00, 0x6e, 0x00, 0x74, 0x00, 0x20, 0x00, 0x4c, 0x00, 0x69, 0x00, 0x63, 0x00, 0x65,
    0x00, 0x6e, 0x00, 0x73, 0x00, 0x65, 0x00, 0x2c, 0x00, 0x20, 0x00, 0x56, 0x00, 0x65, 0x00, 0x72,
    0x00, 0x73, 0x00, 0x69, 0x00, 0x6f, 0x00, 0x6e, 0x00, 0x20, 0x00, 0x31, 0x00, 0x2e, 0x00, 0x31,
    0x00, 0x2e, 0x00, 0x20, 0x00, 0x54, 0x00, 0x68, 0x00, 0x69, 0x00, 0x73, 0x00, 0x20, 0x00, 0x6c,
    0x00, 0x69, 0x00, 0x63, 0x00, 0x65, 0x00, 0x6e, 0x00, 0x73, 0x00, 0x65, 0x00, 0x20, 0x00, 0x69,
    0x00, 0x73, 0x00, 0x20, 0x00, 0x61, 0x00, 0x76, 0x00, 0x61, 0x00, 0x69, 0x00, 0x6c, 0x00, 0x61,
    0x00, 0x62, 0x00, 0x6c, 0x00, 0x65, 0x00, 0x20, 0x00, 0x77, 0x00, 0x69, 0x00, 0x74, 0x00, 0x68,
    0x00, 0x20, 0x00, 0x61, 0x00, 0x20, 0x00, 0x46, 0x00, 0x41, 0x00, 0x51, 0x00, 0x20, 0x00, 0x61,
    0x00, 0x74, 0x00, 0x3a, 0x00, 0x20, 0x00, 0x68, 0x00, 0x74, 0x00, 0x74, 0x00, 0x70, 0x00, 0x3a,
    0x00, 0x2f, 0x00, 0x2f, 0x00, 0x73, 0x00, 0x63, 0x00, 0x72, 0x00, 0x69, 0x00, 0x70, 0x00, 0x74,
    0x00, 0x73, 0x00, 0x2e, 0x00, 0x73, 0x00, 0x69, 0x00, 0x6c, 0x00, 0x2e, 0x00, 0x6f, 0x00, 0x72,
    0x00, 0x67, 0x00, 0x2f, 0x00, 0x4f, 0x00, 0x46, 0x00, 0x4c, 0x00, 0x68, 0x00, 0x74, 0x00, 0x74,
    0x00, 0x70, 0x00, 0x3a, 0x00, 0x2f, 0x00, 0x2f, 0x00, 0x73, 0x00, 0x63, 0x00, 0x72, 0x00, 0x69,
    0x00, 0x70, 0x00, 0x74, 0x00, 0x73, 0x00, 0x2e, 0x00, 0x73, 0x00, 0x69, 0x00, 0x6c, 0x00, 0x2e,
    0x00, 0x6f, 0x00, 0x72, 0x00, 0x67, 0x00, 0x2f, 0x00, 0x4f, 0x00, 0x46, 0x00, 0x4c, 0x00, 0x00,
    0x00, 0x03, 0x00, 0x00, 0x00, 0x00, 0x00, 0x00, 0xff, 0x6a, 0x00, 0x64, 0x00, 0x00, 0x00, 0x00,
    0x00, 0x00, 0x00, 0x00, 0x00, 0x00, 0x00, 0x00, 0x00, 0x00, 0x00, 0x00, 0x00, 0x00, 0x00, 0x00,
    0x00, 0x01, 0x00, 0x01, 0xff, 0xff, 0x00, 0x0f,
};
static const size_t MDKR_FONT_FACE_SUBTITLE_ttf_size = sizeof(MDKR_FONT_FACE_SUBTITLE_ttf);

#endif
